#
# A fatal error has been detected by the Java Runtime Environment:
#
#  EXCEPTION_ACCESS_VIOLATION (0xc0000005) at pc=0x00007ffe1f458427, pid=7756, tid=22568
#
# JRE version: Java(TM) SE Runtime Environment (21.0.6+8) (build 21.0.6+8-LTS-188)
# Java VM: Java HotSpot(TM) 64-Bit Server VM (21.0.6+8-LTS-188, mixed mode, sharing, tiered, compressed oops, compressed class ptrs, g1 gc, windows-amd64)
# Problematic frame:
# C  [glass.dll+0x28427]
#
# No core dump will be written. Minidumps are not enabled by default on client versions of Windows
#
# If you would like to submit a bug report, please visit:
#   https://bugreport.java.com/bugreport/crash.jsp
#

---------------  S U M M A R Y ------------

Command Line: -javaagent:C:\Program Files\JetBrains\IntelliJ IDEA 2023.3.4\lib\idea_rt.jar=54741:C:\Program Files\JetBrains\IntelliJ IDEA 2023.3.4\bin -Dfile.encoding=UTF-8 -Dsun.stdout.encoding=UTF-8 -Dsun.stderr.encoding=UTF-8 --module-path=C:\Users\LENOVO\.m2\repository\org\openjfx\javafx-graphics\23.0.1\javafx-graphics-23.0.1-win.jar;C:\Users\LENOVO\.m2\repository\org\openjfx\javafx-controls\23.0.1\javafx-controls-23.0.1-win.jar;C:\Users\LENOVO\.m2\repository\org\openjfx\javafx-fxml\23.0.1\javafx-fxml-23.0.1-win.jar;C:\Users\LENOVO\Downloads\hfgf\target\classes;C:\Users\LENOVO\.m2\repository\org\openjfx\javafx-base\23.0.1\javafx-base-23.0.1-win.jar;C:\Users\LENOVO\.m2\repository\com\mysql\mysql-connector-j\8.0.33\mysql-connector-j-8.0.33.jar -Djdk.module.main=Learnify Learnify/client.AdminClient

Host: 11th Gen Intel(R) Core(TM) i5-1135G7 @ 2.40GHz, 8 cores, 7G,  Windows 11 , 64 bit Build 22621 (10.0.22621.5124)
Time: Sat May 10 22:18:59 2025 Malay Peninsula Standard Time elapsed time: 124.153429 seconds (0d 0h 2m 4s)

---------------  T H R E A D  ---------------

Current thread (0x000002c5da4ef670):  VMThread "VM Thread"          [id=22568, stack(0x000000e3e5f00000,0x000000e3e6000000) (1024K)]

Stack: [0x000000e3e5f00000,0x000000e3e6000000],  sp=0x000000e3e5ffed30,  free space=1019k
Native frames: (J=compiled Java code, j=interpreted, Vv=VM code, C=native code)
C  [glass.dll+0x28427]


siginfo: EXCEPTION_ACCESS_VIOLATION (0xc0000005), reading address 0x0000000000000000


Registers:
RAX=0x0000000000000000, RBX=0x000002c5da4f3172, RCX=0x000002c5da4ef670, RDX=0x000000e3e5ffed30
RSP=0x000000e3e5ffed30, RBP=0x000002c6213aef68, RSI=0x000000e3e5ffee38, RDI=0x000002c6213aef40
R8 =0x0000000000010002, R9 =0x000002c6213aef40, R10=0x85f13e9656da4870, R11=0x000000e3e5ffecc0
R12=0x00007ffe1f455d30, R13=0x00007ffd97075c30, R14=0x00004609ef7d1527, R15=0x000002c6213aef40
RIP=0x00007ffe1f458427, EFLAGS=0x0000000000010206


Register to memory mapping:

RAX=0x0 is null
RBX=0x000002c5da4f3172 is a global jni handle
RCX=0x000002c5da4ef670 points into unknown readable memory: 0x00007ffd96e86680 | 80 66 e8 96 fd 7f 00 00
RDX=0x000000e3e5ffed30 points into unknown readable memory: 0x0000000000000000 | 00 00 00 00 00 00 00 00
RSP=0x000000e3e5ffed30 points into unknown readable memory: 0x0000000000000000 | 00 00 00 00 00 00 00 00
RBP=0x000002c6213aef68 points into unknown readable memory: 0x00004609ef7d1527 | 27 15 7d ef 09 46 00 00
RSI=0x000000e3e5ffee38 points into unknown readable memory: 0x000000e3e5ffee20 | 20 ee ff e5 e3 00 00 00
RDI=0x000002c6213aef40 points into unknown readable memory: 0xa2ac6209ef42ea28 | 28 ea 42 ef 09 62 ac a2
R8 =0x0000000000010002 is an unknown value
R9 =0x000002c6213aef40 points into unknown readable memory: 0xa2ac6209ef42ea28 | 28 ea 42 ef 09 62 ac a2
R10=0x85f13e9656da4870 is an unknown value
R11=0x000000e3e5ffecc0 points into unknown readable memory: 0x000002c6213aef40 | 40 ef 3a 21 c6 02 00 00
R12=0x00007ffe1f455d30 glass.dll
R13=0x00007ffd97075c30 jvm.dll
R14=0x00004609ef7d1527 is an unknown value
R15=0x000002c6213aef40 points into unknown readable memory: 0xa2ac6209ef42ea28 | 28 ea 42 ef 09 62 ac a2

Top of Stack: (sp=0x000000e3e5ffed30)
0x000000e3e5ffed30:   0000000000000000 000000e3e5ffee38
0x000000e3e5ffed40:   00007ffd97075c30 00007ffe1f455d30
0x000000e3e5ffed50:   000002c6213aef48 00007ffe42803a93
0x000000e3e5ffed60:   000002c6213aef40 000002c600000000
0x000000e3e5ffed70:   000002c6213aef68 000000e3e5ffee38
0x000000e3e5ffed80:   fffffffffffffffe 0000000000000000
0x000000e3e5ffed90:   0000000000000001 00007ffe1f430000
0x000000e3e5ffeda0:   000000e3e5ffee28 00007ffe427d042e
0x000000e3e5ffedb0:   0000000000000000 000000e3e5ffee38
0x000000e3e5ffedc0:   000000e3e5fff120 0000000000000001
0x000000e3e5ffedd0:   0000000000000001 00007ffe427cdddd
0x000000e3e5ffede0:   0000000000000000 00007ffe1f455529
0x000000e3e5ffedf0:   0000000000000000 000000e3e5ffee28
0x000000e3e5ffee00:   fffffffffffffffe 0000000000000001
0x000000e3e5ffee10:   0000000000000000 00007ffe1f455bbd
0x000000e3e5ffee20:   00007ffe1f46d078 00007ffe00000002
0x000000e3e5ffee30:   000002c600000002 000000e3e5ffee20
0x000000e3e5ffee40:   000002c6213ae200 00007ffe455f8af3
0x000000e3e5ffee50:   0000000000000000 00007ffe1f455ce2
0x000000e3e5ffee60:   0000000000000001 00007ffe41e60000
0x000000e3e5ffee70:   0000000000000001 00007ffe41e65277
0x000000e3e5ffee80:   00007ffe41e60000 000000e3e5fff120
0x000000e3e5ffee90:   0000000000000001 00007ffe41670000
0x000000e3e5ffeea0:   00007ffe1f430000 000000007ffe0384
0x000000e3e5ffeeb0:   0000000000000000 00007ffe455f8b8f
0x000000e3e5ffeec0:   00007ffe1f430000 0000000000000000
0x000000e3e5ffeed0:   0000000000000001 000000007ffe0385
0x000000e3e5ffeee0:   00007ffe45707940 00007ffe2d4b15b0
0x000000e3e5ffeef0:   0000cd861061dc00 00007ffe2c1a0000
0x000000e3e5ffef00:   00007ffe1f455d30 0000000000000000
0x000000e3e5ffef10:   0000000000000000 000000e3e532d000
0x000000e3e5ffef20:   000002c6212c8b90 00007ffe45621596 

Instructions: (pc=0x00007ffe1f458427)
0x00007ffe1f458327:   8b 4d 58 e8 49 cf ff ff 48 8b 4d 60 e8 40 cf ff
0x00007ffe1f458337:   ff 48 8b 95 80 00 00 00 48 8b 8d 18 01 00 00 e8
0x00007ffe1f458347:   26 c5 ff ff 33 d2 33 c9 e8 8c e1 ff ff 90 48 89
0x00007ffe1f458357:   54 24 10 55 48 83 ec 20 48 8b ea 48 b8 00 00 00
0x00007ffe1f458367:   00 00 00 00 00 48 83 c4 20 5d c3 cc 40 55 48 8b
0x00007ffe1f458377:   ea 48 8b 01 33 c9 81 38 05 00 00 c0 0f 94 c1 8b
0x00007ffe1f458387:   c1 5d c3 cc 40 55 48 83 ec 20 48 8b ea 8a 4d 40
0x00007ffe1f458397:   48 83 c4 20 5d e9 33 d3 ff ff cc 40 55 48 83 ec
0x00007ffe1f4583a7:   20 48 8b ea 8a 4d 20 e8 21 d3 ff ff 90 48 83 c4
0x00007ffe1f4583b7:   20 5d c3 cc 40 55 48 83 ec 20 48 8b ea 48 83 c4
0x00007ffe1f4583c7:   20 5d e9 82 d1 ff ff cc 40 55 48 83 ec 30 48 8b
0x00007ffe1f4583d7:   ea 48 8b 01 8b 10 48 89 4c 24 28 89 54 24 20 4c
0x00007ffe1f4583e7:   8d 0d 23 d6 ff ff 4c 8b 45 70 8b 55 68 48 8b 4d
0x00007ffe1f4583f7:   60 e8 c3 d0 ff ff 90 48 83 c4 30 5d c3 cc cc cc
0x00007ffe1f458407:   cc cc cc cc cc cc cc cc cc 40 53 48 83 ec 20 48
0x00007ffe1f458417:   8b 1d 1b 46 01 00 48 85 db 74 16 e8 59 90 ff ff
0x00007ffe1f458427:   4c 8b 00 48 8b d3 48 8b c8 41 ff 90 b0 00 00 00
0x00007ffe1f458437:   90 48 83 c4 20 5b c3 cc cc 40 53 48 83 ec 20 48
0x00007ffe1f458447:   8b 1d 5b 47 01 00 48 85 db 74 57 b8 ff ff ff ff
0x00007ffe1f458457:   f0 0f c1 43 10 83 f8 01 75 3d 48 85 db 74 38 48
0x00007ffe1f458467:   8b 0b 48 85 c9 74 0d ff 15 3c 0e 00 00 48 c7 03
0x00007ffe1f458477:   00 00 00 00 48 8b 4b 08 48 85 c9 74 0d e8 ef cd
0x00007ffe1f458487:   ff ff 48 c7 43 08 00 00 00 00 ba 18 00 00 00 48
0x00007ffe1f458497:   8b cb e8 da cd ff ff 48 c7 05 ff 46 01 00 00 00
0x00007ffe1f4584a7:   00 00 48 83 c4 20 5b c3 cc 40 53 48 83 ec 20 48
0x00007ffe1f4584b7:   8b 1d cb 46 01 00 48 85 db 74 57 b8 ff ff ff ff
0x00007ffe1f4584c7:   f0 0f c1 43 10 83 f8 01 75 3d 48 85 db 74 38 48
0x00007ffe1f4584d7:   8b 0b 48 85 c9 74 0d ff 15 cc 0d 00 00 48 c7 03
0x00007ffe1f4584e7:   00 00 00 00 48 8b 4b 08 48 85 c9 74 0d e8 7f cd
0x00007ffe1f4584f7:   ff ff 48 c7 43 08 00 00 00 00 ba 18 00 00 00 48
0x00007ffe1f458507:   8b cb e8 6a cd ff ff 48 c7 05 6f 46 01 00 00 00
0x00007ffe1f458517:   00 00 48 83 c4 20 5b c3 cc 40 53 48 83 ec 20 48 


Stack slot to memory mapping:

stack at sp + 0 slots: 0x0 is null
stack at sp + 1 slots: 0x000000e3e5ffee38 points into unknown readable memory: 0x000000e3e5ffee20 | 20 ee ff e5 e3 00 00 00
stack at sp + 2 slots: 0x00007ffd97075c30 jvm.dll
stack at sp + 3 slots: 0x00007ffe1f455d30 glass.dll
stack at sp + 4 slots: 0x000002c6213aef48 points into unknown readable memory: 0x00004609ef7d1527 | 27 15 7d ef 09 46 00 00
stack at sp + 5 slots: 0x00007ffe42803a93 ucrtbase.dll
stack at sp + 6 slots: 0x000002c6213aef40 points into unknown readable memory: 0xa2ac6209ef42ea28 | 28 ea 42 ef 09 62 ac a2
stack at sp + 7 slots: 0x000002c600000000 is an unknown value

VM_Operation (0x000000e3e55ff430): Exit, mode: safepoint, requested by thread 0x000002c5da6c6b10


---------------  P R O C E S S  ---------------

Threads class SMR info:
_java_thread_list=0x000002c626fcf350, length=25, elements={
0x000002c5bdb867c0, 0x000002c5da50af10, 0x000002c5da50bf10, 0x000002c5da5118d0,
0x000002c5da512410, 0x000002c5da515fd0, 0x000002c5da51b630, 0x000002c5da51d8f0,
0x000002c5da729800, 0x000002c621003f20, 0x000002c620c2ed30, 0x000002c620440430,
0x000002c6213b5c50, 0x000002c6211a0990, 0x000002c620b5d650, 0x000002c620346190,
0x000002c6213ca880, 0x000002c6213ca1f0, 0x000002c6213c9b60, 0x000002c6213c8120,
0x000002c6213c7400, 0x000002c6213c8e40, 0x000002c6213c87b0, 0x000002c6213c94d0,
0x000002c5da6c6b10
}

Java Threads: ( => current thread )
  0x000002c5bdb867c0 JavaThread "main"                              [_thread_blocked, id=1424, stack(0x000000e3e5800000,0x000000e3e5900000) (1024K)]
  0x000002c5da50af10 JavaThread "Reference Handler"          daemon [_thread_blocked, id=15620, stack(0x000000e3e6000000,0x000000e3e6100000) (1024K)]
  0x000002c5da50bf10 JavaThread "Finalizer"                  daemon [_thread_blocked, id=18972, stack(0x000000e3e6100000,0x000000e3e6200000) (1024K)]
  0x000002c5da5118d0 JavaThread "Attach Listener"            daemon [_thread_blocked, id=12412, stack(0x000000e3e6300000,0x000000e3e6400000) (1024K)]
  0x000002c5da512410 JavaThread "Service Thread"             daemon [_thread_blocked, id=6248, stack(0x000000e3e6400000,0x000000e3e6500000) (1024K)]
  0x000002c5da515fd0 JavaThread "Monitor Deflation Thread"   daemon [_thread_blocked, id=18868, stack(0x000000e3e6500000,0x000000e3e6600000) (1024K)]
  0x000002c5da51b630 JavaThread "C2 CompilerThread0"         daemon [_thread_blocked, id=11824, stack(0x000000e3e6600000,0x000000e3e6700000) (1024K)]
  0x000002c5da51d8f0 JavaThread "C1 CompilerThread0"         daemon [_thread_blocked, id=21192, stack(0x000000e3e6700000,0x000000e3e6800000) (1024K)]
  0x000002c5da729800 JavaThread "Common-Cleaner"             daemon [_thread_blocked, id=17680, stack(0x000000e3e6800000,0x000000e3e6900000) (1024K)]
  0x000002c621003f20 JavaThread "Monitor Ctrl-Break"         daemon [_thread_in_native, id=20060, stack(0x000000e3e6b00000,0x000000e3e6c00000) (1024K)]
  0x000002c620c2ed30 JavaThread "Notification Thread"        daemon [_thread_blocked, id=15108, stack(0x000000e3e6c00000,0x000000e3e6d00000) (1024K)]
  0x000002c620440430 JavaThread "QuantumRenderer-0"          daemon [_thread_blocked, id=17964, stack(0x000000e3e6d00000,0x000000e3e6e00000) (1024K)]
  0x000002c6213b5c50 JavaThread "InvokeLaterDispatcher"      daemon [_thread_blocked, id=7516, stack(0x000000e3e6e00000,0x000000e3e6f00000) (1024K)]
  0x000002c6211a0990 JavaThread "JavaFX Application Thread"         [_thread_in_native, id=17900, stack(0x000000e3e6f00000,0x000000e3e7000000) (1024K)]
  0x000002c620b5d650 JavaThread "Thread-1"                   daemon [_thread_in_native, id=19484, stack(0x000000e3e7700000,0x000000e3e7800000) (1024K)]
  0x000002c620346190 JavaThread "JavaFX-Launcher"                   [_thread_blocked, id=17564, stack(0x000000e3e7800000,0x000000e3e7900000) (1024K)]
  0x000002c6213ca880 JavaThread "Prism Font Disposer"        daemon [_thread_blocked, id=17656, stack(0x000000e3e7f00000,0x000000e3e8000000) (1024K)]
  0x000002c6213ca1f0 JavaThread "Cleaner-0"                  daemon [_thread_blocked, id=14460, stack(0x000000e3e8000000,0x000000e3e8100000) (1024K)]
  0x000002c6213c9b60 JavaThread "RMI Scheduler(0)"           daemon [_thread_blocked, id=14204, stack(0x000000e3e7900000,0x000000e3e7a00000) (1024K)]
  0x000002c6213c8120 JavaThread "RMI RenewClean-[localhost:54570]" daemon [_thread_blocked, id=21704, stack(0x000000e3e8100000,0x000000e3e8200000) (1024K)]
  0x000002c6213c7400 JavaThread "RMI GC Daemon"              daemon [_thread_blocked, id=16140, stack(0x000000e3e8200000,0x000000e3e8300000) (1024K)]
  0x000002c6213c8e40 JavaThread "Timer-0"                    daemon [_thread_blocked, id=15872, stack(0x000000e3e8400000,0x000000e3e8500000) (1024K)]
  0x000002c6213c87b0 JavaThread "Timer-1"                    daemon [_thread_blocked, id=21880, stack(0x000000e3e8500000,0x000000e3e8600000) (1024K)]
  0x000002c6213c94d0 JavaThread "Timer-2"                    daemon [_thread_blocked, id=13792, stack(0x000000e3e8600000,0x000000e3e8700000) (1024K)]
  0x000002c5da6c6b10 JavaThread "SIGINT handler"             daemon [_thread_blocked, id=8000, stack(0x000000e3e5500000,0x000000e3e5600000) (1024K)]
Total: 25

Other Threads:
=>0x000002c5da4ef670 VMThread "VM Thread"                           [id=22568, stack(0x000000e3e5f00000,0x000000e3e6000000) (1024K)]
  0x000002c5bdbdd600 WorkerThread "GC Thread#0"                     [id=21412, stack(0x000000e3e5900000,0x000000e3e5a00000) (1024K)]
  0x000002c620b735b0 WorkerThread "GC Thread#1"                     [id=112, stack(0x000000e3e6a00000,0x000000e3e6b00000) (1024K)]
  0x000002c62033af30 WorkerThread "GC Thread#2"                     [id=20580, stack(0x000000e3e7300000,0x000000e3e7400000) (1024K)]
  0x000002c6209b6a00 WorkerThread "GC Thread#3"                     [id=20160, stack(0x000000e3e7400000,0x000000e3e7500000) (1024K)]
  0x000002c62033c640 WorkerThread "GC Thread#4"                     [id=4980, stack(0x000000e3e7500000,0x000000e3e7600000) (1024K)]
  0x000002c62033c9e0 WorkerThread "GC Thread#5"                     [id=6884, stack(0x000000e3e7600000,0x000000e3e7700000) (1024K)]
  0x000002c621483eb0 WorkerThread "GC Thread#6"                     [id=22752, stack(0x000000e3e7a00000,0x000000e3e7b00000) (1024K)]
  0x000002c626d2ea90 WorkerThread "GC Thread#7"                     [id=19792, stack(0x000000e3e7b00000,0x000000e3e7c00000) (1024K)]
  0x000002c5bdbef160 ConcurrentGCThread "G1 Main Marker"            terminated
  0x000002c5bdbf0400 WorkerThread "G1 Conc#0"                       [id=7668, stack(0x000000e3e5b00000,0x000000e3e5c00000) (1024K)]
  0x000002c6217b64e0 WorkerThread "G1 Conc#1"                       [id=14304, stack(0x000000e3e6900000,0x000000e3e6a00000) (1024K)]
  0x000002c5da3ab120 ConcurrentGCThread "G1 Refine#0"               terminated
  0x000002c5da3abaa0 ConcurrentGCThread "G1 Service"                terminated
Total: 14

Threads with active compile tasks:
C2 CompilerThread0   124310 6657       4       jdk.internal.misc.InternalLock::lock (8 bytes)
Total: 1

VM state: at safepoint (shutting down)

VM Mutex/Monitor currently owned by a thread:  ([mutex/lock_event])
[0x00007ffd9704de98] Threads_lock - owner thread: 0x000002c5da4ef670
[0x00007ffd9704df98] Heap_lock - owner thread: 0x000002c5da6c6b10

Heap address: 0x0000000083200000, size: 1998 MB, Compressed Oops mode: 32-bit

CDS archive(s) mapped at: [0x000002c5db000000-0x000002c5dbc90000-0x000002c5dbc90000), size 13172736, SharedBaseAddress: 0x000002c5db000000, ArchiveRelocationMode: 1.
Compressed class space mapped at: 0x000002c5dc000000-0x000002c61c000000, reserved size: 1073741824
Narrow klass base: 0x000002c5db000000, Narrow klass shift: 0, Narrow klass range: 0x100000000

GC Precious Log:
 CardTable entry size: 512
 Card Set container configuration: InlinePtr #cards 5 size 8 Array Of Cards #cards 12 size 40 Howl #buckets 4 coarsen threshold 1843 Howl Bitmap #cards 512 size 80 coarsen threshold 460 Card regions per heap region 1 cards per card region 2048
 CPUs: 8 total, 8 available
 Memory: 7991M
 Large Page Support: Disabled
 NUMA Support: Disabled
 Compressed Oops: Enabled (32-bit)
 Heap Region Size: 1M
 Heap Min Capacity: 8M
 Heap Initial Capacity: 126M
 Heap Max Capacity: 1998M
 Pre-touch: Disabled
 Parallel Workers: 8
 Concurrent Workers: 2
 Concurrent Refinement Workers: 8
 Periodic GC: Disabled

Heap:
 garbage-first heap   total 470016K, used 438418K [0x0000000083200000, 0x0000000100000000)
  region size 1024K, 22 young (22528K), 2 survivors (2048K)
 Metaspace       used 24607K, committed 25088K, reserved 1114112K
  class space    used 3482K, committed 3712K, reserved 1048576K

Heap Regions: E=young(eden), S=young(survivor), O=old, HS=humongous(starts), HC=humongous(continues), CS=collection set, F=free, TAMS=top-at-mark-start, PB=parsable bottom
|   0|0x0000000083200000, 0x0000000083300000, 0x0000000083300000|100%| O|  |TAMS 0x0000000083200000| PB 0x0000000083200000| Untracked 
|   1|0x0000000083300000, 0x0000000083400000, 0x0000000083400000|100%| O|  |TAMS 0x0000000083300000| PB 0x0000000083300000| Untracked 
|   2|0x0000000083400000, 0x0000000083500000, 0x0000000083500000|100%| O|  |TAMS 0x0000000083400000| PB 0x0000000083400000| Untracked 
|   3|0x0000000083500000, 0x0000000083600000, 0x0000000083600000|100%|HS|  |TAMS 0x0000000083500000| PB 0x0000000083500000| Complete 
|   4|0x0000000083600000, 0x0000000083700000, 0x0000000083700000|100%|HS|  |TAMS 0x0000000083600000| PB 0x0000000083600000| Complete 
|   5|0x0000000083700000, 0x0000000083800000, 0x0000000083800000|100%|HS|  |TAMS 0x0000000083700000| PB 0x0000000083700000| Complete 
|   6|0x0000000083800000, 0x0000000083900000, 0x0000000083900000|100%|HS|  |TAMS 0x0000000083800000| PB 0x0000000083800000| Complete 
|   7|0x0000000083900000, 0x0000000083a00000, 0x0000000083a00000|100%|HC|  |TAMS 0x0000000083900000| PB 0x0000000083900000| Complete 
|   8|0x0000000083a00000, 0x0000000083b00000, 0x0000000083b00000|100%|HS|  |TAMS 0x0000000083a00000| PB 0x0000000083a00000| Complete 
|   9|0x0000000083b00000, 0x0000000083c00000, 0x0000000083c00000|100%|HS|  |TAMS 0x0000000083b00000| PB 0x0000000083b00000| Complete 
|  10|0x0000000083c00000, 0x0000000083d00000, 0x0000000083d00000|100%|HS|  |TAMS 0x0000000083c00000| PB 0x0000000083c00000| Complete 
|  11|0x0000000083d00000, 0x0000000083e00000, 0x0000000083e00000|100%|HS|  |TAMS 0x0000000083d00000| PB 0x0000000083d00000| Complete 
|  12|0x0000000083e00000, 0x0000000083f00000, 0x0000000083f00000|100%|HS|  |TAMS 0x0000000083e00000| PB 0x0000000083e00000| Complete 
|  13|0x0000000083f00000, 0x0000000084000000, 0x0000000084000000|100%|HS|  |TAMS 0x0000000083f00000| PB 0x0000000083f00000| Complete 
|  14|0x0000000084000000, 0x0000000084100000, 0x0000000084100000|100%|HS|  |TAMS 0x0000000084000000| PB 0x0000000084000000| Complete 
|  15|0x0000000084100000, 0x0000000084200000, 0x0000000084200000|100%|HS|  |TAMS 0x0000000084100000| PB 0x0000000084100000| Complete 
|  16|0x0000000084200000, 0x0000000084300000, 0x0000000084300000|100%|HS|  |TAMS 0x0000000084200000| PB 0x0000000084200000| Complete 
|  17|0x0000000084300000, 0x0000000084400000, 0x0000000084400000|100%|HS|  |TAMS 0x0000000084300000| PB 0x0000000084300000| Complete 
|  18|0x0000000084400000, 0x0000000084500000, 0x0000000084500000|100%|HS|  |TAMS 0x0000000084400000| PB 0x0000000084400000| Complete 
|  19|0x0000000084500000, 0x0000000084600000, 0x0000000084600000|100%|HS|  |TAMS 0x0000000084500000| PB 0x0000000084500000| Complete 
|  20|0x0000000084600000, 0x0000000084700000, 0x0000000084700000|100%|HS|  |TAMS 0x0000000084600000| PB 0x0000000084600000| Complete 
|  21|0x0000000084700000, 0x0000000084800000, 0x0000000084800000|100%|HS|  |TAMS 0x0000000084700000| PB 0x0000000084700000| Complete 
|  22|0x0000000084800000, 0x0000000084900000, 0x0000000084900000|100%|HS|  |TAMS 0x0000000084800000| PB 0x0000000084800000| Complete 
|  23|0x0000000084900000, 0x0000000084a00000, 0x0000000084a00000|100%|HC|  |TAMS 0x0000000084900000| PB 0x0000000084900000| Complete 
|  24|0x0000000084a00000, 0x0000000084b00000, 0x0000000084b00000|100%|HS|  |TAMS 0x0000000084a00000| PB 0x0000000084a00000| Complete 
|  25|0x0000000084b00000, 0x0000000084c00000, 0x0000000084c00000|100%|HS|  |TAMS 0x0000000084b00000| PB 0x0000000084b00000| Complete 
|  26|0x0000000084c00000, 0x0000000084d00000, 0x0000000084d00000|100%|HC|  |TAMS 0x0000000084c00000| PB 0x0000000084c00000| Complete 
|  27|0x0000000084d00000, 0x0000000084e00000, 0x0000000084e00000|100%|HS|  |TAMS 0x0000000084d00000| PB 0x0000000084d00000| Complete 
|  28|0x0000000084e00000, 0x0000000084f00000, 0x0000000084f00000|100%|HC|  |TAMS 0x0000000084e00000| PB 0x0000000084e00000| Complete 
|  29|0x0000000084f00000, 0x0000000085000000, 0x0000000085000000|100%|HS|  |TAMS 0x0000000084f00000| PB 0x0000000084f00000| Complete 
|  30|0x0000000085000000, 0x0000000085100000, 0x0000000085100000|100%|HS|  |TAMS 0x0000000085000000| PB 0x0000000085000000| Complete 
|  31|0x0000000085100000, 0x0000000085200000, 0x0000000085200000|100%|HC|  |TAMS 0x0000000085100000| PB 0x0000000085100000| Complete 
|  32|0x0000000085200000, 0x0000000085300000, 0x0000000085300000|100%|HS|  |TAMS 0x0000000085200000| PB 0x0000000085200000| Complete 
|  33|0x0000000085300000, 0x0000000085400000, 0x0000000085400000|100%|HS|  |TAMS 0x0000000085300000| PB 0x0000000085300000| Complete 
|  34|0x0000000085400000, 0x0000000085500000, 0x0000000085500000|100%|HC|  |TAMS 0x0000000085400000| PB 0x0000000085400000| Complete 
|  35|0x0000000085500000, 0x0000000085600000, 0x0000000085600000|100%|HS|  |TAMS 0x0000000085500000| PB 0x0000000085500000| Complete 
|  36|0x0000000085600000, 0x0000000085700000, 0x0000000085700000|100%|HS|  |TAMS 0x0000000085600000| PB 0x0000000085600000| Complete 
|  37|0x0000000085700000, 0x0000000085800000, 0x0000000085800000|100%|HC|  |TAMS 0x0000000085700000| PB 0x0000000085700000| Complete 
|  38|0x0000000085800000, 0x0000000085900000, 0x0000000085900000|100%|HS|  |TAMS 0x0000000085800000| PB 0x0000000085800000| Complete 
|  39|0x0000000085900000, 0x0000000085a00000, 0x0000000085a00000|100%|HS|  |TAMS 0x0000000085900000| PB 0x0000000085900000| Complete 
|  40|0x0000000085a00000, 0x0000000085b00000, 0x0000000085b00000|100%|HC|  |TAMS 0x0000000085a00000| PB 0x0000000085a00000| Complete 
|  41|0x0000000085b00000, 0x0000000085c00000, 0x0000000085c00000|100%|HS|  |TAMS 0x0000000085b00000| PB 0x0000000085b00000| Complete 
|  42|0x0000000085c00000, 0x0000000085d00000, 0x0000000085d00000|100%|HS|  |TAMS 0x0000000085c00000| PB 0x0000000085c00000| Complete 
|  43|0x0000000085d00000, 0x0000000085e00000, 0x0000000085e00000|100%|HC|  |TAMS 0x0000000085d00000| PB 0x0000000085d00000| Complete 
|  44|0x0000000085e00000, 0x0000000085f00000, 0x0000000085f00000|100%|HS|  |TAMS 0x0000000085e00000| PB 0x0000000085e00000| Complete 
|  45|0x0000000085f00000, 0x0000000086000000, 0x0000000086000000|100%|HS|  |TAMS 0x0000000085f00000| PB 0x0000000085f00000| Complete 
|  46|0x0000000086000000, 0x0000000086100000, 0x0000000086100000|100%|HC|  |TAMS 0x0000000086000000| PB 0x0000000086000000| Complete 
|  47|0x0000000086100000, 0x0000000086200000, 0x0000000086200000|100%|HS|  |TAMS 0x0000000086100000| PB 0x0000000086100000| Complete 
|  48|0x0000000086200000, 0x0000000086300000, 0x0000000086300000|100%|HS|  |TAMS 0x0000000086200000| PB 0x0000000086200000| Complete 
|  49|0x0000000086300000, 0x0000000086400000, 0x0000000086400000|100%|HC|  |TAMS 0x0000000086300000| PB 0x0000000086300000| Complete 
|  50|0x0000000086400000, 0x0000000086500000, 0x0000000086500000|100%| O|  |TAMS 0x0000000086400000| PB 0x0000000086400000| Untracked 
|  51|0x0000000086500000, 0x0000000086600000, 0x0000000086600000|100%|HS|  |TAMS 0x0000000086500000| PB 0x0000000086500000| Complete 
|  52|0x0000000086600000, 0x0000000086700000, 0x0000000086700000|100%|HS|  |TAMS 0x0000000086600000| PB 0x0000000086600000| Complete 
|  53|0x0000000086700000, 0x0000000086800000, 0x0000000086800000|100%|HC|  |TAMS 0x0000000086700000| PB 0x0000000086700000| Complete 
|  54|0x0000000086800000, 0x0000000086900000, 0x0000000086900000|100%|HS|  |TAMS 0x0000000086800000| PB 0x0000000086800000| Complete 
|  55|0x0000000086900000, 0x0000000086a00000, 0x0000000086a00000|100%|HS|  |TAMS 0x0000000086900000| PB 0x0000000086900000| Complete 
|  56|0x0000000086a00000, 0x0000000086b00000, 0x0000000086b00000|100%|HC|  |TAMS 0x0000000086a00000| PB 0x0000000086a00000| Complete 
|  57|0x0000000086b00000, 0x0000000086c00000, 0x0000000086c00000|100%|HS|  |TAMS 0x0000000086b00000| PB 0x0000000086b00000| Complete 
|  58|0x0000000086c00000, 0x0000000086d00000, 0x0000000086d00000|100%|HS|  |TAMS 0x0000000086c00000| PB 0x0000000086c00000| Complete 
|  59|0x0000000086d00000, 0x0000000086e00000, 0x0000000086e00000|100%|HC|  |TAMS 0x0000000086d00000| PB 0x0000000086d00000| Complete 
|  60|0x0000000086e00000, 0x0000000086f00000, 0x0000000086f00000|100%|HS|  |TAMS 0x0000000086e00000| PB 0x0000000086e00000| Complete 
|  61|0x0000000086f00000, 0x0000000087000000, 0x0000000087000000|100%|HS|  |TAMS 0x0000000086f00000| PB 0x0000000086f00000| Complete 
|  62|0x0000000087000000, 0x0000000087100000, 0x0000000087100000|100%|HC|  |TAMS 0x0000000087000000| PB 0x0000000087000000| Complete 
|  63|0x0000000087100000, 0x0000000087200000, 0x0000000087200000|100%|HS|  |TAMS 0x0000000087100000| PB 0x0000000087100000| Complete 
|  64|0x0000000087200000, 0x0000000087300000, 0x0000000087300000|100%|HS|  |TAMS 0x0000000087200000| PB 0x0000000087200000| Complete 
|  65|0x0000000087300000, 0x0000000087400000, 0x0000000087400000|100%|HC|  |TAMS 0x0000000087300000| PB 0x0000000087300000| Complete 
|  66|0x0000000087400000, 0x0000000087500000, 0x0000000087500000|100%|HS|  |TAMS 0x0000000087400000| PB 0x0000000087400000| Complete 
|  67|0x0000000087500000, 0x0000000087600000, 0x0000000087600000|100%|HS|  |TAMS 0x0000000087500000| PB 0x0000000087500000| Complete 
|  68|0x0000000087600000, 0x0000000087700000, 0x0000000087700000|100%|HC|  |TAMS 0x0000000087600000| PB 0x0000000087600000| Complete 
|  69|0x0000000087700000, 0x0000000087800000, 0x0000000087800000|100%|HS|  |TAMS 0x0000000087700000| PB 0x0000000087700000| Complete 
|  70|0x0000000087800000, 0x0000000087900000, 0x0000000087900000|100%|HS|  |TAMS 0x0000000087800000| PB 0x0000000087800000| Complete 
|  71|0x0000000087900000, 0x0000000087a00000, 0x0000000087a00000|100%|HC|  |TAMS 0x0000000087900000| PB 0x0000000087900000| Complete 
|  72|0x0000000087a00000, 0x0000000087b00000, 0x0000000087b00000|100%|HS|  |TAMS 0x0000000087a00000| PB 0x0000000087a00000| Complete 
|  73|0x0000000087b00000, 0x0000000087c00000, 0x0000000087c00000|100%|HS|  |TAMS 0x0000000087b00000| PB 0x0000000087b00000| Complete 
|  74|0x0000000087c00000, 0x0000000087d00000, 0x0000000087d00000|100%|HC|  |TAMS 0x0000000087c00000| PB 0x0000000087c00000| Complete 
|  75|0x0000000087d00000, 0x0000000087e00000, 0x0000000087e00000|100%|HS|  |TAMS 0x0000000087d00000| PB 0x0000000087d00000| Complete 
|  76|0x0000000087e00000, 0x0000000087f00000, 0x0000000087f00000|100%|HS|  |TAMS 0x0000000087e00000| PB 0x0000000087e00000| Complete 
|  77|0x0000000087f00000, 0x0000000088000000, 0x0000000088000000|100%|HC|  |TAMS 0x0000000087f00000| PB 0x0000000087f00000| Complete 
|  78|0x0000000088000000, 0x0000000088100000, 0x0000000088100000|100%|HS|  |TAMS 0x0000000088000000| PB 0x0000000088000000| Complete 
|  79|0x0000000088100000, 0x0000000088200000, 0x0000000088200000|100%|HS|  |TAMS 0x0000000088100000| PB 0x0000000088100000| Complete 
|  80|0x0000000088200000, 0x0000000088300000, 0x0000000088300000|100%|HC|  |TAMS 0x0000000088200000| PB 0x0000000088200000| Complete 
|  81|0x0000000088300000, 0x0000000088400000, 0x0000000088400000|100%|HS|  |TAMS 0x0000000088300000| PB 0x0000000088300000| Complete 
|  82|0x0000000088400000, 0x0000000088500000, 0x0000000088500000|100%|HS|  |TAMS 0x0000000088400000| PB 0x0000000088400000| Complete 
|  83|0x0000000088500000, 0x0000000088600000, 0x0000000088600000|100%|HC|  |TAMS 0x0000000088500000| PB 0x0000000088500000| Complete 
|  84|0x0000000088600000, 0x0000000088700000, 0x0000000088700000|100%|HS|  |TAMS 0x0000000088600000| PB 0x0000000088600000| Complete 
|  85|0x0000000088700000, 0x0000000088800000, 0x0000000088800000|100%|HS|  |TAMS 0x0000000088700000| PB 0x0000000088700000| Complete 
|  86|0x0000000088800000, 0x0000000088900000, 0x0000000088900000|100%|HC|  |TAMS 0x0000000088800000| PB 0x0000000088800000| Complete 
|  87|0x0000000088900000, 0x0000000088a00000, 0x0000000088a00000|100%|HS|  |TAMS 0x0000000088900000| PB 0x0000000088900000| Complete 
|  88|0x0000000088a00000, 0x0000000088b00000, 0x0000000088b00000|100%|HS|  |TAMS 0x0000000088a00000| PB 0x0000000088a00000| Complete 
|  89|0x0000000088b00000, 0x0000000088c00000, 0x0000000088c00000|100%|HC|  |TAMS 0x0000000088b00000| PB 0x0000000088b00000| Complete 
|  90|0x0000000088c00000, 0x0000000088d00000, 0x0000000088d00000|100%|HS|  |TAMS 0x0000000088c00000| PB 0x0000000088c00000| Complete 
|  91|0x0000000088d00000, 0x0000000088e00000, 0x0000000088e00000|100%|HS|  |TAMS 0x0000000088d00000| PB 0x0000000088d00000| Complete 
|  92|0x0000000088e00000, 0x0000000088f00000, 0x0000000088f00000|100%|HC|  |TAMS 0x0000000088e00000| PB 0x0000000088e00000| Complete 
|  93|0x0000000088f00000, 0x0000000089000000, 0x0000000089000000|100%|HS|  |TAMS 0x0000000088f00000| PB 0x0000000088f00000| Complete 
|  94|0x0000000089000000, 0x0000000089100000, 0x0000000089100000|100%|HS|  |TAMS 0x0000000089000000| PB 0x0000000089000000| Complete 
|  95|0x0000000089100000, 0x0000000089200000, 0x0000000089200000|100%|HC|  |TAMS 0x0000000089100000| PB 0x0000000089100000| Complete 
|  96|0x0000000089200000, 0x0000000089300000, 0x0000000089300000|100%|HS|  |TAMS 0x0000000089200000| PB 0x0000000089200000| Complete 
|  97|0x0000000089300000, 0x0000000089400000, 0x0000000089400000|100%|HC|  |TAMS 0x0000000089300000| PB 0x0000000089300000| Complete 
|  98|0x0000000089400000, 0x0000000089500000, 0x0000000089500000|100%|HS|  |TAMS 0x0000000089400000| PB 0x0000000089400000| Complete 
|  99|0x0000000089500000, 0x0000000089600000, 0x0000000089600000|100%|HS|  |TAMS 0x0000000089500000| PB 0x0000000089500000| Complete 
| 100|0x0000000089600000, 0x0000000089700000, 0x0000000089700000|100%|HC|  |TAMS 0x0000000089600000| PB 0x0000000089600000| Complete 
| 101|0x0000000089700000, 0x0000000089800000, 0x0000000089800000|100%|HS|  |TAMS 0x0000000089700000| PB 0x0000000089700000| Complete 
| 102|0x0000000089800000, 0x0000000089900000, 0x0000000089900000|100%|HS|  |TAMS 0x0000000089800000| PB 0x0000000089800000| Complete 
| 103|0x0000000089900000, 0x0000000089a00000, 0x0000000089a00000|100%|HS|  |TAMS 0x0000000089900000| PB 0x0000000089900000| Complete 
| 104|0x0000000089a00000, 0x0000000089b00000, 0x0000000089b00000|100%|HC|  |TAMS 0x0000000089a00000| PB 0x0000000089a00000| Complete 
| 105|0x0000000089b00000, 0x0000000089c00000, 0x0000000089c00000|100%|HS|  |TAMS 0x0000000089b00000| PB 0x0000000089b00000| Complete 
| 106|0x0000000089c00000, 0x0000000089d00000, 0x0000000089d00000|100%|HS|  |TAMS 0x0000000089c00000| PB 0x0000000089c00000| Complete 
| 107|0x0000000089d00000, 0x0000000089e00000, 0x0000000089e00000|100%|HC|  |TAMS 0x0000000089d00000| PB 0x0000000089d00000| Complete 
| 108|0x0000000089e00000, 0x0000000089f00000, 0x0000000089f00000|100%|HS|  |TAMS 0x0000000089e00000| PB 0x0000000089e00000| Complete 
| 109|0x0000000089f00000, 0x000000008a000000, 0x000000008a000000|100%|HS|  |TAMS 0x0000000089f00000| PB 0x0000000089f00000| Complete 
| 110|0x000000008a000000, 0x000000008a100000, 0x000000008a100000|100%|HC|  |TAMS 0x000000008a000000| PB 0x000000008a000000| Complete 
| 111|0x000000008a100000, 0x000000008a200000, 0x000000008a200000|100%|HS|  |TAMS 0x000000008a100000| PB 0x000000008a100000| Complete 
| 112|0x000000008a200000, 0x000000008a300000, 0x000000008a300000|100%|HS|  |TAMS 0x000000008a200000| PB 0x000000008a200000| Complete 
| 113|0x000000008a300000, 0x000000008a400000, 0x000000008a400000|100%|HC|  |TAMS 0x000000008a300000| PB 0x000000008a300000| Complete 
| 114|0x000000008a400000, 0x000000008a500000, 0x000000008a500000|100%| O|  |TAMS 0x000000008a400000| PB 0x000000008a400000| Untracked 
| 115|0x000000008a500000, 0x000000008a600000, 0x000000008a600000|100%|HS|  |TAMS 0x000000008a500000| PB 0x000000008a500000| Complete 
| 116|0x000000008a600000, 0x000000008a700000, 0x000000008a700000|100%|HS|  |TAMS 0x000000008a600000| PB 0x000000008a600000| Complete 
| 117|0x000000008a700000, 0x000000008a800000, 0x000000008a800000|100%|HS|  |TAMS 0x000000008a700000| PB 0x000000008a700000| Complete 
| 118|0x000000008a800000, 0x000000008a900000, 0x000000008a900000|100%|HC|  |TAMS 0x000000008a800000| PB 0x000000008a800000| Complete 
| 119|0x000000008a900000, 0x000000008aa00000, 0x000000008aa00000|100%|HS|  |TAMS 0x000000008a900000| PB 0x000000008a900000| Complete 
| 120|0x000000008aa00000, 0x000000008ab00000, 0x000000008ab00000|100%|HS|  |TAMS 0x000000008aa00000| PB 0x000000008aa00000| Complete 
| 121|0x000000008ab00000, 0x000000008ac00000, 0x000000008ac00000|100%|HC|  |TAMS 0x000000008ab00000| PB 0x000000008ab00000| Complete 
| 122|0x000000008ac00000, 0x000000008ad00000, 0x000000008ad00000|100%|HS|  |TAMS 0x000000008ac00000| PB 0x000000008ac00000| Complete 
| 123|0x000000008ad00000, 0x000000008ae00000, 0x000000008ae00000|100%|HC|  |TAMS 0x000000008ad00000| PB 0x000000008ad00000| Complete 
| 124|0x000000008ae00000, 0x000000008af00000, 0x000000008af00000|100%|HS|  |TAMS 0x000000008ae00000| PB 0x000000008ae00000| Complete 
| 125|0x000000008af00000, 0x000000008b000000, 0x000000008b000000|100%|HS|  |TAMS 0x000000008af00000| PB 0x000000008af00000| Complete 
| 126|0x000000008b000000, 0x000000008b100000, 0x000000008b100000|100%|HS|  |TAMS 0x000000008b000000| PB 0x000000008b000000| Complete 
| 127|0x000000008b100000, 0x000000008b200000, 0x000000008b200000|100%|HC|  |TAMS 0x000000008b100000| PB 0x000000008b100000| Complete 
| 128|0x000000008b200000, 0x000000008b300000, 0x000000008b300000|100%|HS|  |TAMS 0x000000008b200000| PB 0x000000008b200000| Complete 
| 129|0x000000008b300000, 0x000000008b400000, 0x000000008b400000|100%|HC|  |TAMS 0x000000008b300000| PB 0x000000008b300000| Complete 
| 130|0x000000008b400000, 0x000000008b500000, 0x000000008b500000|100%|HS|  |TAMS 0x000000008b400000| PB 0x000000008b400000| Complete 
| 131|0x000000008b500000, 0x000000008b600000, 0x000000008b600000|100%|HS|  |TAMS 0x000000008b500000| PB 0x000000008b500000| Complete 
| 132|0x000000008b600000, 0x000000008b700000, 0x000000008b700000|100%|HC|  |TAMS 0x000000008b600000| PB 0x000000008b600000| Complete 
| 133|0x000000008b700000, 0x000000008b800000, 0x000000008b800000|100%|HS|  |TAMS 0x000000008b700000| PB 0x000000008b700000| Complete 
| 134|0x000000008b800000, 0x000000008b900000, 0x000000008b900000|100%| O|  |TAMS 0x000000008b800000| PB 0x000000008b800000| Untracked 
| 135|0x000000008b900000, 0x000000008ba00000, 0x000000008ba00000|100%| O|  |TAMS 0x000000008b900000| PB 0x000000008b900000| Untracked 
| 136|0x000000008ba00000, 0x000000008bb00000, 0x000000008bb00000|100%| O|  |TAMS 0x000000008ba00000| PB 0x000000008ba00000| Untracked 
| 137|0x000000008bb00000, 0x000000008bc00000, 0x000000008bc00000|100%| O|  |TAMS 0x000000008bb00000| PB 0x000000008bb00000| Untracked 
| 138|0x000000008bc00000, 0x000000008bd00000, 0x000000008bd00000|100%|HS|  |TAMS 0x000000008bc00000| PB 0x000000008bc00000| Complete 
| 139|0x000000008bd00000, 0x000000008be00000, 0x000000008be00000|100%|HC|  |TAMS 0x000000008bd00000| PB 0x000000008bd00000| Complete 
| 140|0x000000008be00000, 0x000000008bf00000, 0x000000008bf00000|100%| O|  |TAMS 0x000000008be00000| PB 0x000000008be00000| Untracked 
| 141|0x000000008bf00000, 0x000000008c000000, 0x000000008c000000|100%|HS|  |TAMS 0x000000008bf00000| PB 0x000000008bf00000| Complete 
| 142|0x000000008c000000, 0x000000008c100000, 0x000000008c100000|100%|HC|  |TAMS 0x000000008c000000| PB 0x000000008c000000| Complete 
| 143|0x000000008c100000, 0x000000008c200000, 0x000000008c200000|100%|HS|  |TAMS 0x000000008c100000| PB 0x000000008c100000| Complete 
| 144|0x000000008c200000, 0x000000008c300000, 0x000000008c300000|100%|HC|  |TAMS 0x000000008c200000| PB 0x000000008c200000| Complete 
| 145|0x000000008c300000, 0x000000008c400000, 0x000000008c400000|100%|HS|  |TAMS 0x000000008c300000| PB 0x000000008c300000| Complete 
| 146|0x000000008c400000, 0x000000008c500000, 0x000000008c500000|100%|HS|  |TAMS 0x000000008c400000| PB 0x000000008c400000| Complete 
| 147|0x000000008c500000, 0x000000008c600000, 0x000000008c600000|100%|HC|  |TAMS 0x000000008c500000| PB 0x000000008c500000| Complete 
| 148|0x000000008c600000, 0x000000008c700000, 0x000000008c700000|100%|HS|  |TAMS 0x000000008c600000| PB 0x000000008c600000| Complete 
| 149|0x000000008c700000, 0x000000008c800000, 0x000000008c800000|100%|HS|  |TAMS 0x000000008c700000| PB 0x000000008c700000| Complete 
| 150|0x000000008c800000, 0x000000008c900000, 0x000000008c900000|100%|HC|  |TAMS 0x000000008c800000| PB 0x000000008c800000| Complete 
| 151|0x000000008c900000, 0x000000008ca00000, 0x000000008ca00000|100%|HS|  |TAMS 0x000000008c900000| PB 0x000000008c900000| Complete 
| 152|0x000000008ca00000, 0x000000008cb00000, 0x000000008cb00000|100%|HS|  |TAMS 0x000000008ca00000| PB 0x000000008ca00000| Complete 
| 153|0x000000008cb00000, 0x000000008cc00000, 0x000000008cc00000|100%|HC|  |TAMS 0x000000008cb00000| PB 0x000000008cb00000| Complete 
| 154|0x000000008cc00000, 0x000000008cd00000, 0x000000008cd00000|100%|HS|  |TAMS 0x000000008cc00000| PB 0x000000008cc00000| Complete 
| 155|0x000000008cd00000, 0x000000008ce00000, 0x000000008ce00000|100%|HS|  |TAMS 0x000000008cd00000| PB 0x000000008cd00000| Complete 
| 156|0x000000008ce00000, 0x000000008cf00000, 0x000000008cf00000|100%|HC|  |TAMS 0x000000008ce00000| PB 0x000000008ce00000| Complete 
| 157|0x000000008cf00000, 0x000000008d000000, 0x000000008d000000|100%|HS|  |TAMS 0x000000008cf00000| PB 0x000000008cf00000| Complete 
| 158|0x000000008d000000, 0x000000008d100000, 0x000000008d100000|100%|HS|  |TAMS 0x000000008d000000| PB 0x000000008d000000| Complete 
| 159|0x000000008d100000, 0x000000008d200000, 0x000000008d200000|100%|HC|  |TAMS 0x000000008d100000| PB 0x000000008d100000| Complete 
| 160|0x000000008d200000, 0x000000008d300000, 0x000000008d300000|100%|HS|  |TAMS 0x000000008d200000| PB 0x000000008d200000| Complete 
| 161|0x000000008d300000, 0x000000008d400000, 0x000000008d400000|100%|HS|  |TAMS 0x000000008d300000| PB 0x000000008d300000| Complete 
| 162|0x000000008d400000, 0x000000008d500000, 0x000000008d500000|100%|HC|  |TAMS 0x000000008d400000| PB 0x000000008d400000| Complete 
| 163|0x000000008d500000, 0x000000008d600000, 0x000000008d600000|100%|HS|  |TAMS 0x000000008d500000| PB 0x000000008d500000| Complete 
| 164|0x000000008d600000, 0x000000008d700000, 0x000000008d700000|100%|HS|  |TAMS 0x000000008d600000| PB 0x000000008d600000| Complete 
| 165|0x000000008d700000, 0x000000008d800000, 0x000000008d800000|100%|HC|  |TAMS 0x000000008d700000| PB 0x000000008d700000| Complete 
| 166|0x000000008d800000, 0x000000008d900000, 0x000000008d900000|100%|HS|  |TAMS 0x000000008d800000| PB 0x000000008d800000| Complete 
| 167|0x000000008d900000, 0x000000008da00000, 0x000000008da00000|100%|HS|  |TAMS 0x000000008d900000| PB 0x000000008d900000| Complete 
| 168|0x000000008da00000, 0x000000008db00000, 0x000000008db00000|100%|HC|  |TAMS 0x000000008da00000| PB 0x000000008da00000| Complete 
| 169|0x000000008db00000, 0x000000008dc00000, 0x000000008dc00000|100%|HS|  |TAMS 0x000000008db00000| PB 0x000000008db00000| Complete 
| 170|0x000000008dc00000, 0x000000008dd00000, 0x000000008dd00000|100%|HS|  |TAMS 0x000000008dc00000| PB 0x000000008dc00000| Complete 
| 171|0x000000008dd00000, 0x000000008de00000, 0x000000008de00000|100%|HC|  |TAMS 0x000000008dd00000| PB 0x000000008dd00000| Complete 
| 172|0x000000008de00000, 0x000000008df00000, 0x000000008df00000|100%|HS|  |TAMS 0x000000008de00000| PB 0x000000008de00000| Complete 
| 173|0x000000008df00000, 0x000000008e000000, 0x000000008e000000|100%|HS|  |TAMS 0x000000008df00000| PB 0x000000008df00000| Complete 
| 174|0x000000008e000000, 0x000000008e100000, 0x000000008e100000|100%|HC|  |TAMS 0x000000008e000000| PB 0x000000008e000000| Complete 
| 175|0x000000008e100000, 0x000000008e200000, 0x000000008e200000|100%|HS|  |TAMS 0x000000008e100000| PB 0x000000008e100000| Complete 
| 176|0x000000008e200000, 0x000000008e300000, 0x000000008e300000|100%|HS|  |TAMS 0x000000008e200000| PB 0x000000008e200000| Complete 
| 177|0x000000008e300000, 0x000000008e400000, 0x000000008e400000|100%|HC|  |TAMS 0x000000008e300000| PB 0x000000008e300000| Complete 
| 178|0x000000008e400000, 0x000000008e500000, 0x000000008e500000|100%|HS|  |TAMS 0x000000008e400000| PB 0x000000008e400000| Complete 
| 179|0x000000008e500000, 0x000000008e600000, 0x000000008e600000|100%|HS|  |TAMS 0x000000008e500000| PB 0x000000008e500000| Complete 
| 180|0x000000008e600000, 0x000000008e700000, 0x000000008e700000|100%|HC|  |TAMS 0x000000008e600000| PB 0x000000008e600000| Complete 
| 181|0x000000008e700000, 0x000000008e800000, 0x000000008e800000|100%|HS|  |TAMS 0x000000008e700000| PB 0x000000008e700000| Complete 
| 182|0x000000008e800000, 0x000000008e900000, 0x000000008e900000|100%|HS|  |TAMS 0x000000008e800000| PB 0x000000008e800000| Complete 
| 183|0x000000008e900000, 0x000000008ea00000, 0x000000008ea00000|100%|HC|  |TAMS 0x000000008e900000| PB 0x000000008e900000| Complete 
| 184|0x000000008ea00000, 0x000000008eb00000, 0x000000008eb00000|100%|HS|  |TAMS 0x000000008ea00000| PB 0x000000008ea00000| Complete 
| 185|0x000000008eb00000, 0x000000008ec00000, 0x000000008ec00000|100%|HS|  |TAMS 0x000000008eb00000| PB 0x000000008eb00000| Complete 
| 186|0x000000008ec00000, 0x000000008ed00000, 0x000000008ed00000|100%|HC|  |TAMS 0x000000008ec00000| PB 0x000000008ec00000| Complete 
| 187|0x000000008ed00000, 0x000000008ee00000, 0x000000008ee00000|100%|HS|  |TAMS 0x000000008ed00000| PB 0x000000008ed00000| Complete 
| 188|0x000000008ee00000, 0x000000008ef00000, 0x000000008ef00000|100%|HS|  |TAMS 0x000000008ee00000| PB 0x000000008ee00000| Complete 
| 189|0x000000008ef00000, 0x000000008f000000, 0x000000008f000000|100%|HC|  |TAMS 0x000000008ef00000| PB 0x000000008ef00000| Complete 
| 190|0x000000008f000000, 0x000000008f100000, 0x000000008f100000|100%|HS|  |TAMS 0x000000008f000000| PB 0x000000008f000000| Complete 
| 191|0x000000008f100000, 0x000000008f200000, 0x000000008f200000|100%|HS|  |TAMS 0x000000008f100000| PB 0x000000008f100000| Complete 
| 192|0x000000008f200000, 0x000000008f300000, 0x000000008f300000|100%|HC|  |TAMS 0x000000008f200000| PB 0x000000008f200000| Complete 
| 193|0x000000008f300000, 0x000000008f400000, 0x000000008f400000|100%|HS|  |TAMS 0x000000008f300000| PB 0x000000008f300000| Complete 
| 194|0x000000008f400000, 0x000000008f500000, 0x000000008f500000|100%|HS|  |TAMS 0x000000008f400000| PB 0x000000008f400000| Complete 
| 195|0x000000008f500000, 0x000000008f600000, 0x000000008f600000|100%|HC|  |TAMS 0x000000008f500000| PB 0x000000008f500000| Complete 
| 196|0x000000008f600000, 0x000000008f700000, 0x000000008f700000|100%|HS|  |TAMS 0x000000008f600000| PB 0x000000008f600000| Complete 
| 197|0x000000008f700000, 0x000000008f800000, 0x000000008f800000|100%|HS|  |TAMS 0x000000008f700000| PB 0x000000008f700000| Complete 
| 198|0x000000008f800000, 0x000000008f900000, 0x000000008f900000|100%|HC|  |TAMS 0x000000008f800000| PB 0x000000008f800000| Complete 
| 199|0x000000008f900000, 0x000000008fa00000, 0x000000008fa00000|100%|HS|  |TAMS 0x000000008f900000| PB 0x000000008f900000| Complete 
| 200|0x000000008fa00000, 0x000000008fb00000, 0x000000008fb00000|100%|HS|  |TAMS 0x000000008fa00000| PB 0x000000008fa00000| Complete 
| 201|0x000000008fb00000, 0x000000008fc00000, 0x000000008fc00000|100%|HC|  |TAMS 0x000000008fb00000| PB 0x000000008fb00000| Complete 
| 202|0x000000008fc00000, 0x000000008fd00000, 0x000000008fd00000|100%|HS|  |TAMS 0x000000008fc00000| PB 0x000000008fc00000| Complete 
| 203|0x000000008fd00000, 0x000000008fe00000, 0x000000008fe00000|100%|HS|  |TAMS 0x000000008fd00000| PB 0x000000008fd00000| Complete 
| 204|0x000000008fe00000, 0x000000008ff00000, 0x000000008ff00000|100%|HC|  |TAMS 0x000000008fe00000| PB 0x000000008fe00000| Complete 
| 205|0x000000008ff00000, 0x0000000090000000, 0x0000000090000000|100%|HS|  |TAMS 0x000000008ff00000| PB 0x000000008ff00000| Complete 
| 206|0x0000000090000000, 0x0000000090100000, 0x0000000090100000|100%|HS|  |TAMS 0x0000000090000000| PB 0x0000000090000000| Complete 
| 207|0x0000000090100000, 0x0000000090200000, 0x0000000090200000|100%|HC|  |TAMS 0x0000000090100000| PB 0x0000000090100000| Complete 
| 208|0x0000000090200000, 0x0000000090300000, 0x0000000090300000|100%|HS|  |TAMS 0x0000000090200000| PB 0x0000000090200000| Complete 
| 209|0x0000000090300000, 0x0000000090400000, 0x0000000090400000|100%|HS|  |TAMS 0x0000000090300000| PB 0x0000000090300000| Complete 
| 210|0x0000000090400000, 0x0000000090500000, 0x0000000090500000|100%|HC|  |TAMS 0x0000000090400000| PB 0x0000000090400000| Complete 
| 211|0x0000000090500000, 0x0000000090600000, 0x0000000090600000|100%|HS|  |TAMS 0x0000000090500000| PB 0x0000000090500000| Complete 
| 212|0x0000000090600000, 0x0000000090700000, 0x0000000090700000|100%|HS|  |TAMS 0x0000000090600000| PB 0x0000000090600000| Complete 
| 213|0x0000000090700000, 0x0000000090800000, 0x0000000090800000|100%|HC|  |TAMS 0x0000000090700000| PB 0x0000000090700000| Complete 
| 214|0x0000000090800000, 0x0000000090900000, 0x0000000090900000|100%|HS|  |TAMS 0x0000000090800000| PB 0x0000000090800000| Complete 
| 215|0x0000000090900000, 0x0000000090a00000, 0x0000000090a00000|100%|HS|  |TAMS 0x0000000090900000| PB 0x0000000090900000| Complete 
| 216|0x0000000090a00000, 0x0000000090b00000, 0x0000000090b00000|100%|HC|  |TAMS 0x0000000090a00000| PB 0x0000000090a00000| Complete 
| 217|0x0000000090b00000, 0x0000000090c00000, 0x0000000090c00000|100%|HS|  |TAMS 0x0000000090b00000| PB 0x0000000090b00000| Complete 
| 218|0x0000000090c00000, 0x0000000090d00000, 0x0000000090d00000|100%|HS|  |TAMS 0x0000000090c00000| PB 0x0000000090c00000| Complete 
| 219|0x0000000090d00000, 0x0000000090e00000, 0x0000000090e00000|100%|HC|  |TAMS 0x0000000090d00000| PB 0x0000000090d00000| Complete 
| 220|0x0000000090e00000, 0x0000000090f00000, 0x0000000090f00000|100%|HS|  |TAMS 0x0000000090e00000| PB 0x0000000090e00000| Complete 
| 221|0x0000000090f00000, 0x0000000091000000, 0x0000000091000000|100%|HS|  |TAMS 0x0000000090f00000| PB 0x0000000090f00000| Complete 
| 222|0x0000000091000000, 0x0000000091100000, 0x0000000091100000|100%|HC|  |TAMS 0x0000000091000000| PB 0x0000000091000000| Complete 
| 223|0x0000000091100000, 0x0000000091200000, 0x0000000091200000|100%|HS|  |TAMS 0x0000000091100000| PB 0x0000000091100000| Complete 
| 224|0x0000000091200000, 0x0000000091300000, 0x0000000091300000|100%|HS|  |TAMS 0x0000000091200000| PB 0x0000000091200000| Complete 
| 225|0x0000000091300000, 0x0000000091400000, 0x0000000091400000|100%|HC|  |TAMS 0x0000000091300000| PB 0x0000000091300000| Complete 
| 226|0x0000000091400000, 0x0000000091500000, 0x0000000091500000|100%|HS|  |TAMS 0x0000000091400000| PB 0x0000000091400000| Complete 
| 227|0x0000000091500000, 0x0000000091600000, 0x0000000091600000|100%|HC|  |TAMS 0x0000000091500000| PB 0x0000000091500000| Complete 
| 228|0x0000000091600000, 0x0000000091700000, 0x0000000091700000|100%|HS|  |TAMS 0x0000000091600000| PB 0x0000000091600000| Complete 
| 229|0x0000000091700000, 0x0000000091800000, 0x0000000091800000|100%|HS|  |TAMS 0x0000000091700000| PB 0x0000000091700000| Complete 
| 230|0x0000000091800000, 0x0000000091900000, 0x0000000091900000|100%| O|  |TAMS 0x0000000091800000| PB 0x0000000091800000| Untracked 
| 231|0x0000000091900000, 0x0000000091a00000, 0x0000000091a00000|100%|HS|  |TAMS 0x0000000091900000| PB 0x0000000091900000| Complete 
| 232|0x0000000091a00000, 0x0000000091b00000, 0x0000000091b00000|100%| O|  |TAMS 0x0000000091a00000| PB 0x0000000091a00000| Untracked 
| 233|0x0000000091b00000, 0x0000000091c00000, 0x0000000091c00000|100%|HS|  |TAMS 0x0000000091b00000| PB 0x0000000091b00000| Complete 
| 234|0x0000000091c00000, 0x0000000091d00000, 0x0000000091d00000|100%|HS|  |TAMS 0x0000000091c00000| PB 0x0000000091c00000| Complete 
| 235|0x0000000091d00000, 0x0000000091e00000, 0x0000000091e00000|100%|HC|  |TAMS 0x0000000091d00000| PB 0x0000000091d00000| Complete 
| 236|0x0000000091e00000, 0x0000000091f00000, 0x0000000091f00000|100%|HS|  |TAMS 0x0000000091e00000| PB 0x0000000091e00000| Complete 
| 237|0x0000000091f00000, 0x0000000092000000, 0x0000000092000000|100%|HS|  |TAMS 0x0000000091f00000| PB 0x0000000091f00000| Complete 
| 238|0x0000000092000000, 0x0000000092100000, 0x0000000092100000|100%|HC|  |TAMS 0x0000000092000000| PB 0x0000000092000000| Complete 
| 239|0x0000000092100000, 0x0000000092200000, 0x0000000092200000|100%|HS|  |TAMS 0x0000000092100000| PB 0x0000000092100000| Complete 
| 240|0x0000000092200000, 0x0000000092300000, 0x0000000092300000|100%|HS|  |TAMS 0x0000000092200000| PB 0x0000000092200000| Complete 
| 241|0x0000000092300000, 0x0000000092400000, 0x0000000092400000|100%|HC|  |TAMS 0x0000000092300000| PB 0x0000000092300000| Complete 
| 242|0x0000000092400000, 0x0000000092500000, 0x0000000092500000|100%|HS|  |TAMS 0x0000000092400000| PB 0x0000000092400000| Complete 
| 243|0x0000000092500000, 0x0000000092600000, 0x0000000092600000|100%|HS|  |TAMS 0x0000000092500000| PB 0x0000000092500000| Complete 
| 244|0x0000000092600000, 0x0000000092700000, 0x0000000092700000|100%|HS|  |TAMS 0x0000000092600000| PB 0x0000000092600000| Complete 
| 245|0x0000000092700000, 0x0000000092800000, 0x0000000092800000|100%|HC|  |TAMS 0x0000000092700000| PB 0x0000000092700000| Complete 
| 246|0x0000000092800000, 0x0000000092900000, 0x0000000092900000|100%|HS|  |TAMS 0x0000000092800000| PB 0x0000000092800000| Complete 
| 247|0x0000000092900000, 0x0000000092a00000, 0x0000000092a00000|100%|HS|  |TAMS 0x0000000092900000| PB 0x0000000092900000| Complete 
| 248|0x0000000092a00000, 0x0000000092b00000, 0x0000000092b00000|100%|HC|  |TAMS 0x0000000092a00000| PB 0x0000000092a00000| Complete 
| 249|0x0000000092b00000, 0x0000000092c00000, 0x0000000092c00000|100%|HS|  |TAMS 0x0000000092b00000| PB 0x0000000092b00000| Complete 
| 250|0x0000000092c00000, 0x0000000092d00000, 0x0000000092d00000|100%|HC|  |TAMS 0x0000000092c00000| PB 0x0000000092c00000| Complete 
| 251|0x0000000092d00000, 0x0000000092e00000, 0x0000000092e00000|100%|HS|  |TAMS 0x0000000092d00000| PB 0x0000000092d00000| Complete 
| 252|0x0000000092e00000, 0x0000000092f00000, 0x0000000092f00000|100%|HC|  |TAMS 0x0000000092e00000| PB 0x0000000092e00000| Complete 
| 253|0x0000000092f00000, 0x0000000093000000, 0x0000000093000000|100%|HS|  |TAMS 0x0000000092f00000| PB 0x0000000092f00000| Complete 
| 254|0x0000000093000000, 0x0000000093100000, 0x0000000093100000|100%|HS|  |TAMS 0x0000000093000000| PB 0x0000000093000000| Complete 
| 255|0x0000000093100000, 0x0000000093200000, 0x0000000093200000|100%|HC|  |TAMS 0x0000000093100000| PB 0x0000000093100000| Complete 
| 256|0x0000000093200000, 0x0000000093300000, 0x0000000093300000|100%|HS|  |TAMS 0x0000000093200000| PB 0x0000000093200000| Complete 
| 257|0x0000000093300000, 0x0000000093400000, 0x0000000093400000|100%|HS|  |TAMS 0x0000000093300000| PB 0x0000000093300000| Complete 
| 258|0x0000000093400000, 0x0000000093500000, 0x0000000093500000|100%|HC|  |TAMS 0x0000000093400000| PB 0x0000000093400000| Complete 
| 259|0x0000000093500000, 0x0000000093600000, 0x0000000093600000|100%|HS|  |TAMS 0x0000000093500000| PB 0x0000000093500000| Complete 
| 260|0x0000000093600000, 0x0000000093700000, 0x0000000093700000|100%|HS|  |TAMS 0x0000000093600000| PB 0x0000000093600000| Complete 
| 261|0x0000000093700000, 0x0000000093800000, 0x0000000093800000|100%|HC|  |TAMS 0x0000000093700000| PB 0x0000000093700000| Complete 
| 262|0x0000000093800000, 0x0000000093900000, 0x0000000093900000|100%|HS|  |TAMS 0x0000000093800000| PB 0x0000000093800000| Complete 
| 263|0x0000000093900000, 0x0000000093a00000, 0x0000000093a00000|100%|HS|  |TAMS 0x0000000093900000| PB 0x0000000093900000| Complete 
| 264|0x0000000093a00000, 0x0000000093b00000, 0x0000000093b00000|100%|HC|  |TAMS 0x0000000093a00000| PB 0x0000000093a00000| Complete 
| 265|0x0000000093b00000, 0x0000000093c00000, 0x0000000093c00000|100%|HS|  |TAMS 0x0000000093b00000| PB 0x0000000093b00000| Complete 
| 266|0x0000000093c00000, 0x0000000093d00000, 0x0000000093d00000|100%|HS|  |TAMS 0x0000000093c00000| PB 0x0000000093c00000| Complete 
| 267|0x0000000093d00000, 0x0000000093e00000, 0x0000000093e00000|100%|HC|  |TAMS 0x0000000093d00000| PB 0x0000000093d00000| Complete 
| 268|0x0000000093e00000, 0x0000000093f00000, 0x0000000093f00000|100%|HS|  |TAMS 0x0000000093e00000| PB 0x0000000093e00000| Complete 
| 269|0x0000000093f00000, 0x0000000094000000, 0x0000000094000000|100%|HS|  |TAMS 0x0000000093f00000| PB 0x0000000093f00000| Complete 
| 270|0x0000000094000000, 0x0000000094100000, 0x0000000094100000|100%|HC|  |TAMS 0x0000000094000000| PB 0x0000000094000000| Complete 
| 271|0x0000000094100000, 0x0000000094200000, 0x0000000094200000|100%|HS|  |TAMS 0x0000000094100000| PB 0x0000000094100000| Complete 
| 272|0x0000000094200000, 0x0000000094300000, 0x0000000094300000|100%|HS|  |TAMS 0x0000000094200000| PB 0x0000000094200000| Complete 
| 273|0x0000000094300000, 0x0000000094400000, 0x0000000094400000|100%|HC|  |TAMS 0x0000000094300000| PB 0x0000000094300000| Complete 
| 274|0x0000000094400000, 0x0000000094500000, 0x0000000094500000|100%|HS|  |TAMS 0x0000000094400000| PB 0x0000000094400000| Complete 
| 275|0x0000000094500000, 0x0000000094600000, 0x0000000094600000|100%|HS|  |TAMS 0x0000000094500000| PB 0x0000000094500000| Complete 
| 276|0x0000000094600000, 0x0000000094700000, 0x0000000094700000|100%|HC|  |TAMS 0x0000000094600000| PB 0x0000000094600000| Complete 
| 277|0x0000000094700000, 0x0000000094800000, 0x0000000094800000|100%|HS|  |TAMS 0x0000000094700000| PB 0x0000000094700000| Complete 
| 278|0x0000000094800000, 0x0000000094900000, 0x0000000094900000|100%|HS|  |TAMS 0x0000000094800000| PB 0x0000000094800000| Complete 
| 279|0x0000000094900000, 0x0000000094a00000, 0x0000000094a00000|100%|HC|  |TAMS 0x0000000094900000| PB 0x0000000094900000| Complete 
| 280|0x0000000094a00000, 0x0000000094b00000, 0x0000000094b00000|100%|HS|  |TAMS 0x0000000094a00000| PB 0x0000000094a00000| Complete 
| 281|0x0000000094b00000, 0x0000000094c00000, 0x0000000094c00000|100%|HS|  |TAMS 0x0000000094b00000| PB 0x0000000094b00000| Complete 
| 282|0x0000000094c00000, 0x0000000094d00000, 0x0000000094d00000|100%|HC|  |TAMS 0x0000000094c00000| PB 0x0000000094c00000| Complete 
| 283|0x0000000094d00000, 0x0000000094e00000, 0x0000000094e00000|100%|HS|  |TAMS 0x0000000094d00000| PB 0x0000000094d00000| Complete 
| 284|0x0000000094e00000, 0x0000000094f00000, 0x0000000094f00000|100%|HS|  |TAMS 0x0000000094e00000| PB 0x0000000094e00000| Complete 
| 285|0x0000000094f00000, 0x0000000095000000, 0x0000000095000000|100%|HC|  |TAMS 0x0000000094f00000| PB 0x0000000094f00000| Complete 
| 286|0x0000000095000000, 0x0000000095100000, 0x0000000095100000|100%|HS|  |TAMS 0x0000000095000000| PB 0x0000000095000000| Complete 
| 287|0x0000000095100000, 0x0000000095200000, 0x0000000095200000|100%|HS|  |TAMS 0x0000000095100000| PB 0x0000000095100000| Complete 
| 288|0x0000000095200000, 0x0000000095300000, 0x0000000095300000|100%|HC|  |TAMS 0x0000000095200000| PB 0x0000000095200000| Complete 
| 289|0x0000000095300000, 0x0000000095400000, 0x0000000095400000|100%|HS|  |TAMS 0x0000000095300000| PB 0x0000000095300000| Complete 
| 290|0x0000000095400000, 0x0000000095500000, 0x0000000095500000|100%|HS|  |TAMS 0x0000000095400000| PB 0x0000000095400000| Complete 
| 291|0x0000000095500000, 0x0000000095600000, 0x0000000095600000|100%|HC|  |TAMS 0x0000000095500000| PB 0x0000000095500000| Complete 
| 292|0x0000000095600000, 0x0000000095700000, 0x0000000095700000|100%|HS|  |TAMS 0x0000000095600000| PB 0x0000000095600000| Complete 
| 293|0x0000000095700000, 0x0000000095800000, 0x0000000095800000|100%|HS|  |TAMS 0x0000000095700000| PB 0x0000000095700000| Complete 
| 294|0x0000000095800000, 0x0000000095900000, 0x0000000095900000|100%|HC|  |TAMS 0x0000000095800000| PB 0x0000000095800000| Complete 
| 295|0x0000000095900000, 0x0000000095a00000, 0x0000000095a00000|100%|HS|  |TAMS 0x0000000095900000| PB 0x0000000095900000| Complete 
| 296|0x0000000095a00000, 0x0000000095b00000, 0x0000000095b00000|100%|HS|  |TAMS 0x0000000095a00000| PB 0x0000000095a00000| Complete 
| 297|0x0000000095b00000, 0x0000000095c00000, 0x0000000095c00000|100%|HC|  |TAMS 0x0000000095b00000| PB 0x0000000095b00000| Complete 
| 298|0x0000000095c00000, 0x0000000095d00000, 0x0000000095d00000|100%| O|  |TAMS 0x0000000095c00000| PB 0x0000000095c00000| Untracked 
| 299|0x0000000095d00000, 0x0000000095e00000, 0x0000000095e00000|100%| O|  |TAMS 0x0000000095d00000| PB 0x0000000095d00000| Untracked 
| 300|0x0000000095e00000, 0x0000000095e24ba0, 0x0000000095f00000| 14%| O|  |TAMS 0x0000000095e00000| PB 0x0000000095e00000| Untracked 
| 301|0x0000000095f00000, 0x0000000096000000, 0x0000000096000000|100%|HS|  |TAMS 0x0000000095f00000| PB 0x0000000095f00000| Complete 
| 302|0x0000000096000000, 0x0000000096100000, 0x0000000096100000|100%|HS|  |TAMS 0x0000000096000000| PB 0x0000000096000000| Complete 
| 303|0x0000000096100000, 0x0000000096200000, 0x0000000096200000|100%|HC|  |TAMS 0x0000000096100000| PB 0x0000000096100000| Complete 
| 304|0x0000000096200000, 0x0000000096300000, 0x0000000096300000|100%|HS|  |TAMS 0x0000000096200000| PB 0x0000000096200000| Complete 
| 305|0x0000000096300000, 0x0000000096400000, 0x0000000096400000|100%|HS|  |TAMS 0x0000000096300000| PB 0x0000000096300000| Complete 
| 306|0x0000000096400000, 0x0000000096500000, 0x0000000096500000|100%|HC|  |TAMS 0x0000000096400000| PB 0x0000000096400000| Complete 
| 307|0x0000000096500000, 0x0000000096600000, 0x0000000096600000|100%|HS|  |TAMS 0x0000000096500000| PB 0x0000000096500000| Complete 
| 308|0x0000000096600000, 0x0000000096700000, 0x0000000096700000|100%|HS|  |TAMS 0x0000000096600000| PB 0x0000000096600000| Complete 
| 309|0x0000000096700000, 0x0000000096800000, 0x0000000096800000|100%|HC|  |TAMS 0x0000000096700000| PB 0x0000000096700000| Complete 
| 310|0x0000000096800000, 0x0000000096900000, 0x0000000096900000|100%|HS|  |TAMS 0x0000000096800000| PB 0x0000000096800000| Complete 
| 311|0x0000000096900000, 0x0000000096a00000, 0x0000000096a00000|100%|HS|  |TAMS 0x0000000096900000| PB 0x0000000096900000| Complete 
| 312|0x0000000096a00000, 0x0000000096b00000, 0x0000000096b00000|100%|HC|  |TAMS 0x0000000096a00000| PB 0x0000000096a00000| Complete 
| 313|0x0000000096b00000, 0x0000000096c00000, 0x0000000096c00000|100%|HS|  |TAMS 0x0000000096b00000| PB 0x0000000096b00000| Complete 
| 314|0x0000000096c00000, 0x0000000096d00000, 0x0000000096d00000|100%|HS|  |TAMS 0x0000000096c00000| PB 0x0000000096c00000| Complete 
| 315|0x0000000096d00000, 0x0000000096e00000, 0x0000000096e00000|100%|HC|  |TAMS 0x0000000096d00000| PB 0x0000000096d00000| Complete 
| 316|0x0000000096e00000, 0x0000000096f00000, 0x0000000096f00000|100%|HS|  |TAMS 0x0000000096e00000| PB 0x0000000096e00000| Complete 
| 317|0x0000000096f00000, 0x0000000097000000, 0x0000000097000000|100%|HS|  |TAMS 0x0000000096f00000| PB 0x0000000096f00000| Complete 
| 318|0x0000000097000000, 0x0000000097100000, 0x0000000097100000|100%|HC|  |TAMS 0x0000000097000000| PB 0x0000000097000000| Complete 
| 319|0x0000000097100000, 0x0000000097200000, 0x0000000097200000|100%|HS|  |TAMS 0x0000000097100000| PB 0x0000000097100000| Complete 
| 320|0x0000000097200000, 0x0000000097300000, 0x0000000097300000|100%|HS|  |TAMS 0x0000000097200000| PB 0x0000000097200000| Complete 
| 321|0x0000000097300000, 0x0000000097400000, 0x0000000097400000|100%|HC|  |TAMS 0x0000000097300000| PB 0x0000000097300000| Complete 
| 322|0x0000000097400000, 0x0000000097500000, 0x0000000097500000|100%|HS|  |TAMS 0x0000000097400000| PB 0x0000000097400000| Complete 
| 323|0x0000000097500000, 0x0000000097600000, 0x0000000097600000|100%|HS|  |TAMS 0x0000000097500000| PB 0x0000000097500000| Complete 
| 324|0x0000000097600000, 0x0000000097700000, 0x0000000097700000|100%|HC|  |TAMS 0x0000000097600000| PB 0x0000000097600000| Complete 
| 325|0x0000000097700000, 0x0000000097800000, 0x0000000097800000|100%|HS|  |TAMS 0x0000000097700000| PB 0x0000000097700000| Complete 
| 326|0x0000000097800000, 0x0000000097900000, 0x0000000097900000|100%|HS|  |TAMS 0x0000000097800000| PB 0x0000000097800000| Complete 
| 327|0x0000000097900000, 0x0000000097a00000, 0x0000000097a00000|100%|HC|  |TAMS 0x0000000097900000| PB 0x0000000097900000| Complete 
| 328|0x0000000097a00000, 0x0000000097b00000, 0x0000000097b00000|100%|HS|  |TAMS 0x0000000097a00000| PB 0x0000000097a00000| Complete 
| 329|0x0000000097b00000, 0x0000000097c00000, 0x0000000097c00000|100%|HS|  |TAMS 0x0000000097b00000| PB 0x0000000097b00000| Complete 
| 330|0x0000000097c00000, 0x0000000097d00000, 0x0000000097d00000|100%|HC|  |TAMS 0x0000000097c00000| PB 0x0000000097c00000| Complete 
| 331|0x0000000097d00000, 0x0000000097e00000, 0x0000000097e00000|100%|HS|  |TAMS 0x0000000097d00000| PB 0x0000000097d00000| Complete 
| 332|0x0000000097e00000, 0x0000000097f00000, 0x0000000097f00000|100%|HS|  |TAMS 0x0000000097e00000| PB 0x0000000097e00000| Complete 
| 333|0x0000000097f00000, 0x0000000098000000, 0x0000000098000000|100%|HC|  |TAMS 0x0000000097f00000| PB 0x0000000097f00000| Complete 
| 334|0x0000000098000000, 0x0000000098100000, 0x0000000098100000|100%|HS|  |TAMS 0x0000000098000000| PB 0x0000000098000000| Complete 
| 335|0x0000000098100000, 0x0000000098200000, 0x0000000098200000|100%|HS|  |TAMS 0x0000000098100000| PB 0x0000000098100000| Complete 
| 336|0x0000000098200000, 0x0000000098300000, 0x0000000098300000|100%|HC|  |TAMS 0x0000000098200000| PB 0x0000000098200000| Complete 
| 337|0x0000000098300000, 0x0000000098400000, 0x0000000098400000|100%|HS|  |TAMS 0x0000000098300000| PB 0x0000000098300000| Complete 
| 338|0x0000000098400000, 0x0000000098500000, 0x0000000098500000|100%|HS|  |TAMS 0x0000000098400000| PB 0x0000000098400000| Complete 
| 339|0x0000000098500000, 0x0000000098600000, 0x0000000098600000|100%|HC|  |TAMS 0x0000000098500000| PB 0x0000000098500000| Complete 
| 340|0x0000000098600000, 0x0000000098700000, 0x0000000098700000|100%|HS|  |TAMS 0x0000000098600000| PB 0x0000000098600000| Complete 
| 341|0x0000000098700000, 0x0000000098800000, 0x0000000098800000|100%|HS|  |TAMS 0x0000000098700000| PB 0x0000000098700000| Complete 
| 342|0x0000000098800000, 0x0000000098900000, 0x0000000098900000|100%|HC|  |TAMS 0x0000000098800000| PB 0x0000000098800000| Complete 
| 343|0x0000000098900000, 0x0000000098a00000, 0x0000000098a00000|100%|HS|  |TAMS 0x0000000098900000| PB 0x0000000098900000| Complete 
| 344|0x0000000098a00000, 0x0000000098b00000, 0x0000000098b00000|100%|HS|  |TAMS 0x0000000098a00000| PB 0x0000000098a00000| Complete 
| 345|0x0000000098b00000, 0x0000000098c00000, 0x0000000098c00000|100%|HC|  |TAMS 0x0000000098b00000| PB 0x0000000098b00000| Complete 
| 346|0x0000000098c00000, 0x0000000098d00000, 0x0000000098d00000|100%|HS|  |TAMS 0x0000000098c00000| PB 0x0000000098c00000| Complete 
| 347|0x0000000098d00000, 0x0000000098e00000, 0x0000000098e00000|100%|HS|  |TAMS 0x0000000098d00000| PB 0x0000000098d00000| Complete 
| 348|0x0000000098e00000, 0x0000000098f00000, 0x0000000098f00000|100%|HC|  |TAMS 0x0000000098e00000| PB 0x0000000098e00000| Complete 
| 349|0x0000000098f00000, 0x0000000099000000, 0x0000000099000000|100%|HS|  |TAMS 0x0000000098f00000| PB 0x0000000098f00000| Complete 
| 350|0x0000000099000000, 0x0000000099100000, 0x0000000099100000|100%|HS|  |TAMS 0x0000000099000000| PB 0x0000000099000000| Complete 
| 351|0x0000000099100000, 0x0000000099200000, 0x0000000099200000|100%|HC|  |TAMS 0x0000000099100000| PB 0x0000000099100000| Complete 
| 352|0x0000000099200000, 0x0000000099300000, 0x0000000099300000|100%|HS|  |TAMS 0x0000000099200000| PB 0x0000000099200000| Complete 
| 353|0x0000000099300000, 0x0000000099400000, 0x0000000099400000|100%|HS|  |TAMS 0x0000000099300000| PB 0x0000000099300000| Complete 
| 354|0x0000000099400000, 0x0000000099500000, 0x0000000099500000|100%|HC|  |TAMS 0x0000000099400000| PB 0x0000000099400000| Complete 
| 355|0x0000000099500000, 0x0000000099600000, 0x0000000099600000|100%|HS|  |TAMS 0x0000000099500000| PB 0x0000000099500000| Complete 
| 356|0x0000000099600000, 0x0000000099700000, 0x0000000099700000|100%|HS|  |TAMS 0x0000000099600000| PB 0x0000000099600000| Complete 
| 357|0x0000000099700000, 0x0000000099800000, 0x0000000099800000|100%|HC|  |TAMS 0x0000000099700000| PB 0x0000000099700000| Complete 
| 358|0x0000000099800000, 0x0000000099900000, 0x0000000099900000|100%|HS|  |TAMS 0x0000000099800000| PB 0x0000000099800000| Complete 
| 359|0x0000000099900000, 0x0000000099a00000, 0x0000000099a00000|100%|HS|  |TAMS 0x0000000099900000| PB 0x0000000099900000| Complete 
| 360|0x0000000099a00000, 0x0000000099b00000, 0x0000000099b00000|100%|HC|  |TAMS 0x0000000099a00000| PB 0x0000000099a00000| Complete 
| 361|0x0000000099b00000, 0x0000000099c00000, 0x0000000099c00000|100%|HS|  |TAMS 0x0000000099b00000| PB 0x0000000099b00000| Complete 
| 362|0x0000000099c00000, 0x0000000099d00000, 0x0000000099d00000|100%|HS|  |TAMS 0x0000000099c00000| PB 0x0000000099c00000| Complete 
| 363|0x0000000099d00000, 0x0000000099e00000, 0x0000000099e00000|100%|HC|  |TAMS 0x0000000099d00000| PB 0x0000000099d00000| Complete 
| 364|0x0000000099e00000, 0x0000000099f00000, 0x0000000099f00000|100%|HS|  |TAMS 0x0000000099e00000| PB 0x0000000099e00000| Complete 
| 365|0x0000000099f00000, 0x000000009a000000, 0x000000009a000000|100%|HS|  |TAMS 0x0000000099f00000| PB 0x0000000099f00000| Complete 
| 366|0x000000009a000000, 0x000000009a100000, 0x000000009a100000|100%|HC|  |TAMS 0x000000009a000000| PB 0x000000009a000000| Complete 
| 367|0x000000009a100000, 0x000000009a200000, 0x000000009a200000|100%|HS|  |TAMS 0x000000009a100000| PB 0x000000009a100000| Complete 
| 368|0x000000009a200000, 0x000000009a300000, 0x000000009a300000|100%|HS|  |TAMS 0x000000009a200000| PB 0x000000009a200000| Complete 
| 369|0x000000009a300000, 0x000000009a400000, 0x000000009a400000|100%|HC|  |TAMS 0x000000009a300000| PB 0x000000009a300000| Complete 
| 370|0x000000009a400000, 0x000000009a500000, 0x000000009a500000|100%|HS|  |TAMS 0x000000009a400000| PB 0x000000009a400000| Complete 
| 371|0x000000009a500000, 0x000000009a600000, 0x000000009a600000|100%|HS|  |TAMS 0x000000009a500000| PB 0x000000009a500000| Complete 
| 372|0x000000009a600000, 0x000000009a700000, 0x000000009a700000|100%|HC|  |TAMS 0x000000009a600000| PB 0x000000009a600000| Complete 
| 373|0x000000009a700000, 0x000000009a800000, 0x000000009a800000|100%|HS|  |TAMS 0x000000009a700000| PB 0x000000009a700000| Complete 
| 374|0x000000009a800000, 0x000000009a900000, 0x000000009a900000|100%|HS|  |TAMS 0x000000009a800000| PB 0x000000009a800000| Complete 
| 375|0x000000009a900000, 0x000000009aa00000, 0x000000009aa00000|100%|HC|  |TAMS 0x000000009a900000| PB 0x000000009a900000| Complete 
| 376|0x000000009aa00000, 0x000000009ab00000, 0x000000009ab00000|100%|HS|  |TAMS 0x000000009aa00000| PB 0x000000009aa00000| Complete 
| 377|0x000000009ab00000, 0x000000009ac00000, 0x000000009ac00000|100%|HS|  |TAMS 0x000000009ab00000| PB 0x000000009ab00000| Complete 
| 378|0x000000009ac00000, 0x000000009ad00000, 0x000000009ad00000|100%|HC|  |TAMS 0x000000009ac00000| PB 0x000000009ac00000| Complete 
| 379|0x000000009ad00000, 0x000000009ae00000, 0x000000009ae00000|100%|HS|  |TAMS 0x000000009ad00000| PB 0x000000009ad00000| Complete 
| 380|0x000000009ae00000, 0x000000009af00000, 0x000000009af00000|100%|HS|  |TAMS 0x000000009ae00000| PB 0x000000009ae00000| Complete 
| 381|0x000000009af00000, 0x000000009b000000, 0x000000009b000000|100%|HC|  |TAMS 0x000000009af00000| PB 0x000000009af00000| Complete 
| 382|0x000000009b000000, 0x000000009b100000, 0x000000009b100000|100%|HS|  |TAMS 0x000000009b000000| PB 0x000000009b000000| Complete 
| 383|0x000000009b100000, 0x000000009b100000, 0x000000009b200000|  0%| F|  |TAMS 0x000000009b100000| PB 0x000000009b100000| Untracked 
| 384|0x000000009b200000, 0x000000009b200000, 0x000000009b300000|  0%| F|  |TAMS 0x000000009b200000| PB 0x000000009b200000| Untracked 
| 385|0x000000009b300000, 0x000000009b300000, 0x000000009b400000|  0%| F|  |TAMS 0x000000009b300000| PB 0x000000009b300000| Untracked 
| 386|0x000000009b400000, 0x000000009b400000, 0x000000009b500000|  0%| F|  |TAMS 0x000000009b400000| PB 0x000000009b400000| Untracked 
| 387|0x000000009b500000, 0x000000009b500000, 0x000000009b600000|  0%| F|  |TAMS 0x000000009b500000| PB 0x000000009b500000| Untracked 
| 388|0x000000009b600000, 0x000000009b600000, 0x000000009b700000|  0%| F|  |TAMS 0x000000009b600000| PB 0x000000009b600000| Untracked 
| 389|0x000000009b700000, 0x000000009b700000, 0x000000009b800000|  0%| F|  |TAMS 0x000000009b700000| PB 0x000000009b700000| Untracked 
| 390|0x000000009b800000, 0x000000009b800000, 0x000000009b900000|  0%| F|  |TAMS 0x000000009b800000| PB 0x000000009b800000| Untracked 
| 391|0x000000009b900000, 0x000000009b900000, 0x000000009ba00000|  0%| F|  |TAMS 0x000000009b900000| PB 0x000000009b900000| Untracked 
| 392|0x000000009ba00000, 0x000000009ba00000, 0x000000009bb00000|  0%| F|  |TAMS 0x000000009ba00000| PB 0x000000009ba00000| Untracked 
| 393|0x000000009bb00000, 0x000000009bb00000, 0x000000009bc00000|  0%| F|  |TAMS 0x000000009bb00000| PB 0x000000009bb00000| Untracked 
| 394|0x000000009bc00000, 0x000000009bc00000, 0x000000009bd00000|  0%| F|  |TAMS 0x000000009bc00000| PB 0x000000009bc00000| Untracked 
| 395|0x000000009bd00000, 0x000000009bd00000, 0x000000009be00000|  0%| F|  |TAMS 0x000000009bd00000| PB 0x000000009bd00000| Untracked 
| 396|0x000000009be00000, 0x000000009be00000, 0x000000009bf00000|  0%| F|  |TAMS 0x000000009be00000| PB 0x000000009be00000| Untracked 
| 397|0x000000009bf00000, 0x000000009bf00000, 0x000000009c000000|  0%| F|  |TAMS 0x000000009bf00000| PB 0x000000009bf00000| Untracked 
| 398|0x000000009c000000, 0x000000009c000000, 0x000000009c100000|  0%| F|  |TAMS 0x000000009c000000| PB 0x000000009c000000| Untracked 
| 399|0x000000009c100000, 0x000000009c100000, 0x000000009c200000|  0%| F|  |TAMS 0x000000009c100000| PB 0x000000009c100000| Untracked 
| 400|0x000000009c200000, 0x000000009c200000, 0x000000009c300000|  0%| F|  |TAMS 0x000000009c200000| PB 0x000000009c200000| Untracked 
| 401|0x000000009c300000, 0x000000009c300000, 0x000000009c400000|  0%| F|  |TAMS 0x000000009c300000| PB 0x000000009c300000| Untracked 
| 402|0x000000009c400000, 0x000000009c400000, 0x000000009c500000|  0%| F|  |TAMS 0x000000009c400000| PB 0x000000009c400000| Untracked 
| 403|0x000000009c500000, 0x000000009c500000, 0x000000009c600000|  0%| F|  |TAMS 0x000000009c500000| PB 0x000000009c500000| Untracked 
| 404|0x000000009c600000, 0x000000009c600000, 0x000000009c700000|  0%| F|  |TAMS 0x000000009c600000| PB 0x000000009c600000| Untracked 
| 405|0x000000009c700000, 0x000000009c700000, 0x000000009c800000|  0%| F|  |TAMS 0x000000009c700000| PB 0x000000009c700000| Untracked 
| 406|0x000000009c800000, 0x000000009c800000, 0x000000009c900000|  0%| F|  |TAMS 0x000000009c800000| PB 0x000000009c800000| Untracked 
| 407|0x000000009c900000, 0x000000009c900000, 0x000000009ca00000|  0%| F|  |TAMS 0x000000009c900000| PB 0x000000009c900000| Untracked 
| 408|0x000000009ca00000, 0x000000009ca00000, 0x000000009cb00000|  0%| F|  |TAMS 0x000000009ca00000| PB 0x000000009ca00000| Untracked 
| 409|0x000000009cb00000, 0x000000009cb00000, 0x000000009cc00000|  0%| F|  |TAMS 0x000000009cb00000| PB 0x000000009cb00000| Untracked 
| 410|0x000000009cc00000, 0x000000009cc00000, 0x000000009cd00000|  0%| F|  |TAMS 0x000000009cc00000| PB 0x000000009cc00000| Untracked 
| 411|0x000000009cd00000, 0x000000009cd00000, 0x000000009ce00000|  0%| F|  |TAMS 0x000000009cd00000| PB 0x000000009cd00000| Untracked 
| 412|0x000000009ce00000, 0x000000009ce05670, 0x000000009cf00000|  2%| E|  |TAMS 0x000000009ce00000| PB 0x000000009ce00000| Complete 
| 413|0x000000009cf00000, 0x000000009d000000, 0x000000009d000000|100%| E|CS|TAMS 0x000000009cf00000| PB 0x000000009cf00000| Complete 
| 414|0x000000009d000000, 0x000000009d100000, 0x000000009d100000|100%| E|CS|TAMS 0x000000009d000000| PB 0x000000009d000000| Complete 
| 415|0x000000009d100000, 0x000000009d200000, 0x000000009d200000|100%| E|CS|TAMS 0x000000009d100000| PB 0x000000009d100000| Complete 
| 416|0x000000009d200000, 0x000000009d300000, 0x000000009d300000|100%| E|CS|TAMS 0x000000009d200000| PB 0x000000009d200000| Complete 
| 417|0x000000009d300000, 0x000000009d400000, 0x000000009d400000|100%| E|CS|TAMS 0x000000009d300000| PB 0x000000009d300000| Complete 
| 418|0x000000009d400000, 0x000000009d500000, 0x000000009d500000|100%| E|CS|TAMS 0x000000009d400000| PB 0x000000009d400000| Complete 
| 419|0x000000009d500000, 0x000000009d600000, 0x000000009d600000|100%| E|CS|TAMS 0x000000009d500000| PB 0x000000009d500000| Complete 
| 420|0x000000009d600000, 0x000000009d700000, 0x000000009d700000|100%| S|CS|TAMS 0x000000009d600000| PB 0x000000009d600000| Complete 
| 421|0x000000009d700000, 0x000000009d800000, 0x000000009d800000|100%| S|CS|TAMS 0x000000009d700000| PB 0x000000009d700000| Complete 
| 422|0x000000009d800000, 0x000000009d900000, 0x000000009d900000|100%| E|CS|TAMS 0x000000009d800000| PB 0x000000009d800000| Complete 
| 423|0x000000009d900000, 0x000000009da00000, 0x000000009da00000|100%| E|CS|TAMS 0x000000009d900000| PB 0x000000009d900000| Complete 
| 424|0x000000009da00000, 0x000000009db00000, 0x000000009db00000|100%| E|CS|TAMS 0x000000009da00000| PB 0x000000009da00000| Complete 
| 425|0x000000009db00000, 0x000000009dc00000, 0x000000009dc00000|100%| E|CS|TAMS 0x000000009db00000| PB 0x000000009db00000| Complete 
| 426|0x000000009dc00000, 0x000000009dd00000, 0x000000009dd00000|100%| E|CS|TAMS 0x000000009dc00000| PB 0x000000009dc00000| Complete 
| 427|0x000000009dd00000, 0x000000009de00000, 0x000000009de00000|100%| E|CS|TAMS 0x000000009dd00000| PB 0x000000009dd00000| Complete 
| 428|0x000000009de00000, 0x000000009df00000, 0x000000009df00000|100%| E|CS|TAMS 0x000000009de00000| PB 0x000000009de00000| Complete 
| 429|0x000000009df00000, 0x000000009e000000, 0x000000009e000000|100%| E|CS|TAMS 0x000000009df00000| PB 0x000000009df00000| Complete 
| 430|0x000000009e000000, 0x000000009e100000, 0x000000009e100000|100%| E|CS|TAMS 0x000000009e000000| PB 0x000000009e000000| Complete 
| 431|0x000000009e100000, 0x000000009e200000, 0x000000009e200000|100%| E|CS|TAMS 0x000000009e100000| PB 0x000000009e100000| Complete 
|1971|0x00000000fe500000, 0x00000000fe600000, 0x00000000fe600000|100%| O|  |TAMS 0x00000000fe500000| PB 0x00000000fe500000| Untracked 
|1972|0x00000000fe600000, 0x00000000fe700000, 0x00000000fe700000|100%| O|  |TAMS 0x00000000fe600000| PB 0x00000000fe600000| Untracked 
|1973|0x00000000fe700000, 0x00000000fe800000, 0x00000000fe800000|100%| O|  |TAMS 0x00000000fe700000| PB 0x00000000fe700000| Untracked 
|1974|0x00000000fe800000, 0x00000000fe900000, 0x00000000fe900000|100%| O|  |TAMS 0x00000000fe800000| PB 0x00000000fe800000| Untracked 
|1975|0x00000000fe900000, 0x00000000fea00000, 0x00000000fea00000|100%| O|  |TAMS 0x00000000fe900000| PB 0x00000000fe900000| Untracked 
|1976|0x00000000fea00000, 0x00000000feb00000, 0x00000000feb00000|100%| O|  |TAMS 0x00000000fea00000| PB 0x00000000fea00000| Untracked 
|1977|0x00000000feb00000, 0x00000000fec00000, 0x00000000fec00000|100%| O|  |TAMS 0x00000000feb00000| PB 0x00000000feb00000| Untracked 
|1978|0x00000000fec00000, 0x00000000fed00000, 0x00000000fed00000|100%| O|Cm|TAMS 0x00000000fec00000| PB 0x00000000fec00000| Complete 
|1979|0x00000000fed00000, 0x00000000fee00000, 0x00000000fee00000|100%| O|Cm|TAMS 0x00000000fed00000| PB 0x00000000fed00000| Complete 
|1980|0x00000000fee00000, 0x00000000fef00000, 0x00000000fef00000|100%| O|  |TAMS 0x00000000fee00000| PB 0x00000000fee00000| Untracked 
|1981|0x00000000fef00000, 0x00000000ff000000, 0x00000000ff000000|100%| O|  |TAMS 0x00000000fef00000| PB 0x00000000fef00000| Untracked 
|1982|0x00000000ff000000, 0x00000000ff100000, 0x00000000ff100000|100%| E|CS|TAMS 0x00000000ff000000| PB 0x00000000ff000000| Complete 
|1983|0x00000000ff100000, 0x00000000ff200000, 0x00000000ff200000|100%| E|CS|TAMS 0x00000000ff100000| PB 0x00000000ff100000| Complete 
|1984|0x00000000ff200000, 0x00000000ff300000, 0x00000000ff300000|100%| O|  |TAMS 0x00000000ff200000| PB 0x00000000ff200000| Untracked 
|1985|0x00000000ff300000, 0x00000000ff400000, 0x00000000ff400000|100%| O|  |TAMS 0x00000000ff300000| PB 0x00000000ff300000| Untracked 
|1986|0x00000000ff400000, 0x00000000ff500000, 0x00000000ff500000|100%| O|  |TAMS 0x00000000ff400000| PB 0x00000000ff400000| Untracked 
|1987|0x00000000ff500000, 0x00000000ff600000, 0x00000000ff600000|100%| O|  |TAMS 0x00000000ff500000| PB 0x00000000ff500000| Untracked 
|1988|0x00000000ff600000, 0x00000000ff700000, 0x00000000ff700000|100%| O|  |TAMS 0x00000000ff600000| PB 0x00000000ff600000| Untracked 
|1989|0x00000000ff700000, 0x00000000ff800000, 0x00000000ff800000|100%| O|  |TAMS 0x00000000ff700000| PB 0x00000000ff700000| Untracked 
|1990|0x00000000ff800000, 0x00000000ff900000, 0x00000000ff900000|100%| O|  |TAMS 0x00000000ff800000| PB 0x00000000ff800000| Untracked 
|1991|0x00000000ff900000, 0x00000000ffa00000, 0x00000000ffa00000|100%| O|  |TAMS 0x00000000ff900000| PB 0x00000000ff900000| Untracked 
|1992|0x00000000ffa00000, 0x00000000ffb00000, 0x00000000ffb00000|100%| O|  |TAMS 0x00000000ffa00000| PB 0x00000000ffa00000| Untracked 
|1993|0x00000000ffb00000, 0x00000000ffc00000, 0x00000000ffc00000|100%| O|  |TAMS 0x00000000ffb00000| PB 0x00000000ffb00000| Untracked 
|1994|0x00000000ffc00000, 0x00000000ffd00000, 0x00000000ffd00000|100%| O|  |TAMS 0x00000000ffc00000| PB 0x00000000ffc00000| Untracked 
|1995|0x00000000ffd00000, 0x00000000ffe00000, 0x00000000ffe00000|100%| O|  |TAMS 0x00000000ffd00000| PB 0x00000000ffd00000| Untracked 
|1996|0x00000000ffe00000, 0x00000000fff00000, 0x00000000fff00000|100%| O|  |TAMS 0x00000000ffe00000| PB 0x00000000ffe00000| Untracked 
|1997|0x00000000fff00000, 0x0000000100000000, 0x0000000100000000|100%| O|  |TAMS 0x00000000fff00000| PB 0x00000000fff00000| Untracked 

Card table byte_map: [0x000002c5d5730000,0x000002c5d5b20000] _byte_map_base: 0x000002c5d5317000

Marking Bits: (CMBitMap*) 0x000002c5bdbddd00
 Bits: [0x000002c5d5b20000, 0x000002c5d7a58000)

Polling page: 0x000002c5bd350000

Metaspace:

Usage:
  Non-class:     20.63 MB used.
      Class:      3.40 MB used.
       Both:     24.03 MB used.

Virtual space:
  Non-class space:       64.00 MB reserved,      20.88 MB ( 33%) committed,  1 nodes.
      Class space:        1.00 GB reserved,       3.62 MB ( <1%) committed,  1 nodes.
             Both:        1.06 GB reserved,      24.50 MB (  2%) committed. 

Chunk freelists:
   Non-Class:  11.03 MB
       Class:  12.22 MB
        Both:  23.25 MB

MaxMetaspaceSize: unlimited
CompressedClassSpaceSize: 1.00 GB
Initial GC threshold: 21.00 MB
Current GC threshold: 39.69 MB
CDS: on
 - commit_granule_bytes: 65536.
 - commit_granule_words: 8192.
 - virtual_space_node_default_size: 8388608.
 - enlarge_chunks_in_place: 1.
 - use_allocation_guard: 0.


Internal statistics:

num_allocs_failed_limit: 3.
num_arena_births: 470.
num_arena_deaths: 0.
num_vsnodes_births: 2.
num_vsnodes_deaths: 0.
num_space_committed: 392.
num_space_uncommitted: 0.
num_chunks_returned_to_freelist: 3.
num_chunks_taken_from_freelist: 1271.
num_chunk_merges: 3.
num_chunk_splits: 866.
num_chunks_enlarged: 621.
num_inconsistent_stats: 0.

CodeHeap 'non-profiled nmethods': size=120000Kb used=3835Kb max_used=3835Kb free=116164Kb
 bounds [0x000002c5cdae0000, 0x000002c5cdea0000, 0x000002c5d5010000]
CodeHeap 'profiled nmethods': size=120000Kb used=12031Kb max_used=12031Kb free=107969Kb
 bounds [0x000002c5c6010000, 0x000002c5c6be0000, 0x000002c5cd540000]
CodeHeap 'non-nmethods': size=5760Kb used=2127Kb max_used=2189Kb free=3632Kb
 bounds [0x000002c5cd540000, 0x000002c5cd7b0000, 0x000002c5cdae0000]
 total_blobs=6662 nmethods=5790 adapters=775
 compilation: enabled
              stopped_count=0, restarted_count=0
 full_count=0

Compilation events (20 events):
Event: 107.936 Thread 0x000002c5da51d8f0 nmethod 6647 0x000002c5cde9e490 code [0x000002c5cde9e620, 0x000002c5cde9e6e8]
Event: 107.936 Thread 0x000002c5da51d8f0 6648       3       java.nio.DirectByteBuffer::address (42 bytes)
Event: 107.937 Thread 0x000002c5da51d8f0 nmethod 6648 0x000002c5c6bcd590 code [0x000002c5c6bcd7a0, 0x000002c5c6bcde88]
Event: 112.930 Thread 0x000002c5da51d8f0 6649       3       sun.nio.ch.IOStatus::okayToRetry (22 bytes)
Event: 112.930 Thread 0x000002c5da51d8f0 nmethod 6649 0x000002c5c6bce090 code [0x000002c5c6bce220, 0x000002c5c6bce3b0]
Event: 112.930 Thread 0x000002c5da51d8f0 6650       3       jdk.internal.loader.AbstractClassLoaderValue::<init> (5 bytes)
Event: 112.930 Thread 0x000002c5da51d8f0 nmethod 6650 0x000002c5c6bce410 code [0x000002c5c6bce5c0, 0x000002c5c6bce728]
Event: 117.930 Thread 0x000002c5da51d8f0 6651       3       java.io.ObjectInputStream::readClassDesc (121 bytes)
Event: 117.931 Thread 0x000002c5da51b630 6652       4       java.io.BufferedInputStream::getInIfOpen (21 bytes)
Event: 117.931 Thread 0x000002c5da51b630 nmethod 6652 0x000002c5cde9e790 code [0x000002c5cde9e920, 0x000002c5cde9e9c8]
Event: 117.932 Thread 0x000002c5da51d8f0 nmethod 6651 0x000002c5c6bce810 code [0x000002c5c6bceb80, 0x000002c5c6bcffd8]
Event: 117.932 Thread 0x000002c5da51d8f0 6653       3       java.lang.invoke.Invokers$Holder::linkToTargetMethod (10 bytes)
Event: 117.932 Thread 0x000002c5da51d8f0 nmethod 6653 0x000002c5c6bd0710 code [0x000002c5c6bd08e0, 0x000002c5c6bd0cc0]
Event: 122.924 Thread 0x000002c5da51d8f0 6654       3       java.lang.invoke.VarHandleByteArrayAsShorts$ArrayHandle::set (39 bytes)
Event: 122.924 Thread 0x000002c5da51d8f0 nmethod 6654 0x000002c5c6bd0d90 code [0x000002c5c6bd0f60, 0x000002c5c6bd1390]
Event: 122.924 Thread 0x000002c5da51d8f0 6655       3       jdk.internal.misc.Unsafe::putShortUnaligned (14 bytes)
Event: 122.925 Thread 0x000002c5da51d8f0 nmethod 6655 0x000002c5c6bd1510 code [0x000002c5c6bd16c0, 0x000002c5c6bd1900]
Event: 122.925 Thread 0x000002c5da51d8f0 6656       1       java.nio.DirectByteBuffer::isReadOnly (2 bytes)
Event: 122.926 Thread 0x000002c5da51d8f0 nmethod 6656 0x000002c5cde9ea90 code [0x000002c5cde9ec20, 0x000002c5cde9ece8]
Event: 123.622 Thread 0x000002c5da51b630 6657       4       jdk.internal.misc.InternalLock::lock (8 bytes)

GC Heap History (20 events):
Event: 11.828 GC heap before
{Heap before GC invocations=8 (full 0):
 garbage-first heap   total 135168K, used 134085K [0x0000000083200000, 0x0000000100000000)
  region size 1024K, 11 young (11264K), 1 survivors (1024K)
 Metaspace       used 23578K, committed 24000K, reserved 1114112K
  class space    used 3388K, committed 3584K, reserved 1048576K
}
Event: 11.832 GC heap after
{Heap after GC invocations=9 (full 0):
 garbage-first heap   total 139264K, used 127514K [0x0000000083200000, 0x0000000100000000)
  region size 1024K, 3 young (3072K), 3 survivors (3072K)
 Metaspace       used 23578K, committed 24000K, reserved 1114112K
  class space    used 3388K, committed 3584K, reserved 1048576K
}
Event: 11.880 GC heap before
{Heap before GC invocations=9 (full 0):
 garbage-first heap   total 144384K, used 143898K [0x0000000083200000, 0x0000000100000000)
  region size 1024K, 5 young (5120K), 3 survivors (3072K)
 Metaspace       used 23588K, committed 24000K, reserved 1114112K
  class space    used 3388K, committed 3584K, reserved 1048576K
}
Event: 11.884 GC heap after
{Heap after GC invocations=10 (full 0):
 garbage-first heap   total 149504K, used 142964K [0x0000000083200000, 0x0000000100000000)
  region size 1024K, 1 young (1024K), 1 survivors (1024K)
 Metaspace       used 23588K, committed 24000K, reserved 1114112K
  class space    used 3388K, committed 3584K, reserved 1048576K
}
Event: 11.888 GC heap before
{Heap before GC invocations=10 (full 0):
 garbage-first heap   total 149504K, used 142964K [0x0000000083200000, 0x0000000100000000)
  region size 1024K, 2 young (2048K), 1 survivors (1024K)
 Metaspace       used 23588K, committed 24000K, reserved 1114112K
  class space    used 3388K, committed 3584K, reserved 1048576K
}
Event: 11.889 GC heap after
{Heap after GC invocations=11 (full 0):
 garbage-first heap   total 149504K, used 143187K [0x0000000083200000, 0x0000000100000000)
  region size 1024K, 1 young (1024K), 1 survivors (1024K)
 Metaspace       used 23588K, committed 24000K, reserved 1114112K
  class space    used 3388K, committed 3584K, reserved 1048576K
}
Event: 12.103 GC heap before
{Heap before GC invocations=12 (full 0):
 garbage-first heap   total 252928K, used 163667K [0x0000000083200000, 0x0000000100000000)
  region size 1024K, 5 young (5120K), 1 survivors (1024K)
 Metaspace       used 23672K, committed 24128K, reserved 1114112K
  class space    used 3389K, committed 3584K, reserved 1048576K
}
Event: 12.105 GC heap after
{Heap after GC invocations=13 (full 0):
 garbage-first heap   total 252928K, used 160948K [0x0000000083200000, 0x0000000100000000)
  region size 1024K, 1 young (1024K), 1 survivors (1024K)
 Metaspace       used 23672K, committed 24128K, reserved 1114112K
  class space    used 3389K, committed 3584K, reserved 1048576K
}
Event: 12.603 GC heap before
{Heap before GC invocations=13 (full 0):
 garbage-first heap   total 259072K, used 258228K [0x0000000083200000, 0x0000000100000000)
  region size 1024K, 15 young (15360K), 1 survivors (1024K)
 Metaspace       used 23795K, committed 24192K, reserved 1114112K
  class space    used 3389K, committed 3584K, reserved 1048576K
}
Event: 12.607 GC heap after
{Heap after GC invocations=14 (full 0):
 garbage-first heap   total 264192K, used 211367K [0x0000000083200000, 0x0000000100000000)
  region size 1024K, 5 young (5120K), 5 survivors (5120K)
 Metaspace       used 23795K, committed 24192K, reserved 1114112K
  class space    used 3389K, committed 3584K, reserved 1048576K
}
Event: 12.612 GC heap before
{Heap before GC invocations=14 (full 0):
 garbage-first heap   total 264192K, used 211367K [0x0000000083200000, 0x0000000100000000)
  region size 1024K, 6 young (6144K), 5 survivors (5120K)
 Metaspace       used 23795K, committed 24192K, reserved 1114112K
  class space    used 3389K, committed 3584K, reserved 1048576K
}
Event: 12.615 GC heap after
{Heap after GC invocations=15 (full 0):
 garbage-first heap   total 264192K, used 211651K [0x0000000083200000, 0x0000000100000000)
  region size 1024K, 1 young (1024K), 1 survivors (1024K)
 Metaspace       used 23795K, committed 24192K, reserved 1114112K
  class space    used 3389K, committed 3584K, reserved 1048576K
}
Event: 14.116 GC heap before
{Heap before GC invocations=16 (full 0):
 garbage-first heap   total 267264K, used 265923K [0x0000000083200000, 0x0000000100000000)
  region size 1024K, 19 young (19456K), 1 survivors (1024K)
 Metaspace       used 23905K, committed 24320K, reserved 1114112K
  class space    used 3389K, committed 3584K, reserved 1048576K
}
Event: 14.121 GC heap after
{Heap after GC invocations=17 (full 0):
 garbage-first heap   total 273408K, used 231536K [0x0000000083200000, 0x0000000100000000)
  region size 1024K, 4 young (4096K), 4 survivors (4096K)
 Metaspace       used 23905K, committed 24320K, reserved 1114112K
  class space    used 3389K, committed 3584K, reserved 1048576K
}
Event: 14.794 GC heap before
{Heap before GC invocations=17 (full 0):
 garbage-first heap   total 278528K, used 277616K [0x0000000083200000, 0x0000000100000000)
  region size 1024K, 11 young (11264K), 4 survivors (4096K)
 Metaspace       used 23949K, committed 24320K, reserved 1114112K
  class space    used 3389K, committed 3584K, reserved 1048576K
}
Event: 14.799 GC heap after
{Heap after GC invocations=18 (full 0):
 garbage-first heap   total 285696K, used 271849K [0x0000000083200000, 0x0000000100000000)
  region size 1024K, 3 young (3072K), 3 survivors (3072K)
 Metaspace       used 23949K, committed 24320K, reserved 1114112K
  class space    used 3389K, committed 3584K, reserved 1048576K
}
Event: 14.802 GC heap before
{Heap before GC invocations=18 (full 0):
 garbage-first heap   total 285696K, used 271849K [0x0000000083200000, 0x0000000100000000)
  region size 1024K, 4 young (4096K), 3 survivors (3072K)
 Metaspace       used 23949K, committed 24320K, reserved 1114112K
  class space    used 3389K, committed 3584K, reserved 1048576K
}
Event: 14.804 GC heap after
{Heap after GC invocations=19 (full 0):
 garbage-first heap   total 285696K, used 272146K [0x0000000083200000, 0x0000000100000000)
  region size 1024K, 1 young (1024K), 1 survivors (1024K)
 Metaspace       used 23949K, committed 24320K, reserved 1114112K
  class space    used 3389K, committed 3584K, reserved 1048576K
}
Event: 18.364 GC heap before
{Heap before GC invocations=20 (full 0):
 garbage-first heap   total 470016K, used 341778K [0x0000000083200000, 0x0000000100000000)
  region size 1024K, 12 young (12288K), 1 survivors (1024K)
 Metaspace       used 24047K, committed 24448K, reserved 1114112K
  class space    used 3389K, committed 3584K, reserved 1048576K
}
Event: 18.368 GC heap after
{Heap after GC invocations=21 (full 0):
 garbage-first heap   total 470016K, used 334994K [0x0000000083200000, 0x0000000100000000)
  region size 1024K, 2 young (2048K), 2 survivors (2048K)
 Metaspace       used 24047K, committed 24448K, reserved 1114112K
  class space    used 3389K, committed 3584K, reserved 1048576K
}

Dll operation events (20 events):
Event: 0.437 Loaded shared library C:\Users\LENOVO\.openjfx\cache\23.0.1+4\amd64\api-ms-win-crt-math-l1-1-0.dll
Event: 0.441 Loaded shared library C:\Users\LENOVO\.openjfx\cache\23.0.1+4\amd64\api-ms-win-crt-multibyte-l1-1-0.dll
Event: 0.444 Loaded shared library C:\Users\LENOVO\.openjfx\cache\23.0.1+4\amd64\api-ms-win-crt-private-l1-1-0.dll
Event: 0.447 Loaded shared library C:\Users\LENOVO\.openjfx\cache\23.0.1+4\amd64\api-ms-win-crt-process-l1-1-0.dll
Event: 0.449 Loaded shared library C:\Users\LENOVO\.openjfx\cache\23.0.1+4\amd64\api-ms-win-crt-runtime-l1-1-0.dll
Event: 0.452 Loaded shared library C:\Users\LENOVO\.openjfx\cache\23.0.1+4\amd64\api-ms-win-crt-stdio-l1-1-0.dll
Event: 0.455 Loaded shared library C:\Users\LENOVO\.openjfx\cache\23.0.1+4\amd64\api-ms-win-crt-string-l1-1-0.dll
Event: 0.458 Loaded shared library C:\Users\LENOVO\.openjfx\cache\23.0.1+4\amd64\api-ms-win-crt-time-l1-1-0.dll
Event: 0.462 Loaded shared library C:\Users\LENOVO\.openjfx\cache\23.0.1+4\amd64\api-ms-win-crt-utility-l1-1-0.dll
Event: 0.474 Loaded shared library C:\Users\LENOVO\.openjfx\cache\23.0.1+4\amd64\ucrtbase.dll
Event: 0.479 Loaded shared library C:\Users\LENOVO\.openjfx\cache\23.0.1+4\amd64\vcruntime140.dll
Event: 0.482 Loaded shared library C:\Users\LENOVO\.openjfx\cache\23.0.1+4\amd64\vcruntime140_1.dll
Event: 0.490 Loaded shared library C:\Users\LENOVO\.openjfx\cache\23.0.1+4\amd64\msvcp140.dll
Event: 0.493 Loaded shared library C:\Users\LENOVO\.openjfx\cache\23.0.1+4\amd64\msvcp140_1.dll
Event: 0.499 Loaded shared library C:\Users\LENOVO\.openjfx\cache\23.0.1+4\amd64\msvcp140_2.dll
Event: 0.533 Loaded shared library C:\Users\LENOVO\.openjfx\cache\23.0.1+4\amd64\prism_d3d.dll
Event: 0.566 Loaded shared library C:\Users\LENOVO\.openjfx\cache\23.0.1+4\amd64\glass.dll
Event: 0.668 Loaded shared library C:\Program Files\Java\jdk-21\bin\jimage.dll
Event: 1.030 Loaded shared library C:\Users\LENOVO\.openjfx\cache\23.0.1+4\amd64\javafx_font.dll
Event: 4.206 Loaded shared library C:\Program Files\Java\jdk-21\bin\rmi.dll

Deoptimization events (20 events):
Event: 21.553 Thread 0x000002c620440430 Uncommon trap: trap_request=0xffffff45 fr.pc=0x000002c5cdc2360c relative=0x000000000000082c
Event: 21.553 Thread 0x000002c620440430 Uncommon trap: reason=unstable_if action=reinterpret pc=0x000002c5cdc2360c method=com.sun.marlin.MaskMarlinAlphaConsumer.setAndClearRelativeAlphas([I[IIII)V @ 414 c2
Event: 21.553 Thread 0x000002c620440430 DEOPT PACKING pc=0x000002c5cdc2360c sp=0x000000e3e6dfe070
Event: 21.553 Thread 0x000002c620440430 DEOPT UNPACKING pc=0x000002c5cd597da2 sp=0x000000e3e6dfdf78 mode 2
Event: 21.562 Thread 0x000002c620440430 DEOPT PACKING pc=0x000002c5c6b8e8fd sp=0x000000e3e6dfda30
Event: 21.562 Thread 0x000002c620440430 DEOPT UNPACKING pc=0x000002c5cd5988e2 sp=0x000000e3e6dfce88 mode 0
Event: 21.564 Thread 0x000002c620440430 DEOPT PACKING pc=0x000002c5c6b8e8fd sp=0x000000e3e6dfdea0
Event: 21.564 Thread 0x000002c620440430 DEOPT UNPACKING pc=0x000002c5cd5988e2 sp=0x000000e3e6dfd2f8 mode 0
Event: 21.567 Thread 0x000002c620440430 DEOPT PACKING pc=0x000002c5c6b8e8fd sp=0x000000e3e6dfd240
Event: 21.567 Thread 0x000002c620440430 DEOPT UNPACKING pc=0x000002c5cd5988e2 sp=0x000000e3e6dfc698 mode 0
Event: 21.567 Thread 0x000002c620440430 DEOPT PACKING pc=0x000002c5c6b8e8fd sp=0x000000e3e6dfd240
Event: 21.567 Thread 0x000002c620440430 DEOPT UNPACKING pc=0x000002c5cd5988e2 sp=0x000000e3e6dfc698 mode 0
Event: 21.567 Thread 0x000002c620440430 DEOPT PACKING pc=0x000002c5c6b8e8fd sp=0x000000e3e6dfd240
Event: 21.567 Thread 0x000002c620440430 DEOPT UNPACKING pc=0x000002c5cd5988e2 sp=0x000000e3e6dfc698 mode 0
Event: 21.567 Thread 0x000002c620440430 DEOPT PACKING pc=0x000002c5c6b8e8fd sp=0x000000e3e6dfd240
Event: 21.567 Thread 0x000002c620440430 DEOPT UNPACKING pc=0x000002c5cd5988e2 sp=0x000000e3e6dfc698 mode 0
Event: 123.620 Thread 0x000002c5da510d90 Uncommon trap: trap_request=0xffffffc6 fr.pc=0x000002c5cdc94cc4 relative=0x00000000000007a4
Event: 123.620 Thread 0x000002c5da510d90 Uncommon trap: reason=bimorphic_or_optimized_type_check action=maybe_recompile pc=0x000002c5cdc94cc4 method=java.util.Hashtable.get(Ljava/lang/Object;)Ljava/lang/Object; @ 6 c2
Event: 123.620 Thread 0x000002c5da510d90 DEOPT PACKING pc=0x000002c5cdc94cc4 sp=0x000000e3e62ff510
Event: 123.620 Thread 0x000002c5da510d90 DEOPT UNPACKING pc=0x000002c5cd597da2 sp=0x000000e3e62ff4c0 mode 2

Classes loaded (20 events):
Event: 9.168 Loading class sun/reflect/generics/reflectiveObjects/WildcardTypeImpl
Event: 9.168 Loading class java/lang/reflect/WildcardType
Event: 9.168 Loading class java/lang/reflect/WildcardType done
Event: 9.168 Loading class sun/reflect/generics/reflectiveObjects/WildcardTypeImpl done
Event: 9.190 Loading class java/util/function/UnaryOperator
Event: 9.190 Loading class java/util/function/UnaryOperator done
Event: 9.356 Loading class jdk/internal/foreign/MemorySessionImpl
Event: 9.356 Loading class java/lang/foreign/MemorySegment$Scope
Event: 9.356 Loading class java/lang/foreign/MemorySegment$Scope done
Event: 9.356 Loading class jdk/internal/foreign/MemorySessionImpl done
Event: 9.375 Loading class jdk/internal/math/FormattedFPDecimal
Event: 9.375 Loading class jdk/internal/math/FormattedFPDecimal done
Event: 9.398 Loading class java/lang/FdLibm$Atan2
Event: 9.398 Loading class java/lang/FdLibm$Atan2 done
Event: 12.645 Loading class java/lang/foreign/MemorySegment
Event: 12.646 Loading class java/lang/foreign/MemorySegment done
Event: 19.201 Loading class java/util/ArrayList$ListItr
Event: 19.201 Loading class java/util/ArrayList$ListItr done
Event: 123.620 Loading class jdk/internal/misc/Signal$1
Event: 123.621 Loading class jdk/internal/misc/Signal$1 done

Classes unloaded (0 events):
No events

Classes redefined (0 events):
No events

Internal exceptions (20 events):
Event: 4.067 Thread 0x000002c6211a0990 Exception <a 'java/lang/NoSuchMethodError'{0x00000000890f6a48}: 'java.lang.Object java.lang.invoke.Invokers$Holder.linkToTargetMethod(java.lang.Object, long, java.lang.Object)'> (0x00000000890f6a48) 
thrown [s\open\src\hotspot\share\interpreter\linkResolver.cpp, line 773]
Event: 4.142 Thread 0x000002c6211a0990 Exception <a 'java/lang/NoSuchMethodError'{0x0000000088f14b00}: 'java.lang.Object java.lang.invoke.DirectMethodHandle$Holder.invokeStaticInit(java.lang.Object, int, int, int, int)'> (0x0000000088f14b00) 
thrown [s\open\src\hotspot\share\interpreter\linkResolver.cpp, line 773]
Event: 4.161 Thread 0x000002c6211a0990 Exception <a 'java/lang/NoSuchMethodError'{0x0000000088e1cff0}: 'java.lang.Object java.lang.invoke.DirectMethodHandle$Holder.invokeStaticInit(java.lang.Object, java.lang.Object, int, int, int, int)'> (0x0000000088e1cff0) 
thrown [s\open\src\hotspot\share\interpreter\linkResolver.cpp, line 773]
Event: 4.170 Thread 0x000002c6211a0990 Exception <a 'sun/nio/fs/WindowsException'{0x0000000088e26a70}> (0x0000000088e26a70) 
thrown [s\open\src\hotspot\share\prims\jni.cpp, line 520]
Event: 4.185 Thread 0x000002c6211a0990 Exception <a 'java/lang/NoSuchMethodError'{0x0000000088e5c1c0}: 'long java.lang.invoke.DirectMethodHandle$Holder.invokeSpecial(java.lang.Object, java.lang.Object)'> (0x0000000088e5c1c0) 
thrown [s\open\src\hotspot\share\interpreter\linkResolver.cpp, line 773]
Event: 4.185 Thread 0x000002c6211a0990 Exception <a 'java/lang/NoSuchMethodError'{0x0000000088e5f5e8}: 'long java.lang.invoke.Invokers$Holder.invokeExact_MT(java.lang.Object, java.lang.Object)'> (0x0000000088e5f5e8) 
thrown [s\open\src\hotspot\share\interpreter\linkResolver.cpp, line 773]
Event: 4.191 Thread 0x000002c6211a0990 Exception <a 'sun/nio/fs/WindowsException'{0x0000000088e80d98}> (0x0000000088e80d98) 
thrown [s\open\src\hotspot\share\prims\jni.cpp, line 520]
Event: 4.211 Thread 0x000002c6211a0990 Exception <a 'java/lang/NoSuchMethodError'{0x0000000088d24558}: static [Ljava/rmi/server/ObjID;.<clinit>()V> (0x0000000088d24558) 
thrown [s\open\src\hotspot\share\prims\jni.cpp, line 1111]
Event: 4.215 Thread 0x000002c6211a0990 Exception <a 'java/lang/NoSuchMethodError'{0x0000000088d41938}: static [B.<clinit>()V> (0x0000000088d41938) 
thrown [s\open\src\hotspot\share\prims\jni.cpp, line 1111]
Event: 4.218 Thread 0x000002c6213c8120 Exception <a 'java/lang/NoSuchMethodError'{0x0000000088d70950}: 'java.lang.Object java.lang.invoke.DirectMethodHandle$Holder.invokeSpecial(java.lang.Object, java.lang.Object, int, java.lang.Object, long)'> (0x0000000088d70950) 
thrown [s\open\src\hotspot\share\interpreter\linkResolver.cpp, line 773]
Event: 4.218 Thread 0x000002c6213c8120 Exception <a 'java/lang/NoSuchMethodError'{0x0000000088d77538}: 'java.lang.Object java.lang.invoke.DirectMethodHandle$Holder.newInvokeSpecial(java.lang.Object, java.lang.Object, int, java.lang.Object, long)'> (0x0000000088d77538) 
thrown [s\open\src\hotspot\share\interpreter\linkResolver.cpp, line 773]
Event: 4.235 Thread 0x000002c6211a0990 Exception <a 'java/lang/NoSuchMethodError'{0x0000000088c33850}: 'void java.lang.invoke.DelegatingMethodHandle$Holder.reinvoke_L(java.lang.Object, java.lang.Object, int)'> (0x0000000088c33850) 
thrown [s\open\src\hotspot\share\interpreter\linkResolver.cpp, line 773]
Event: 4.261 Thread 0x000002c6211a0990 Exception <a 'java/io/FileNotFoundException'{0x0000000088a33330}> (0x0000000088a33330) 
thrown [s\open\src\hotspot\share\prims\jni.cpp, line 520]
Event: 4.286 Thread 0x000002c6211a0990 Exception <a 'sun/nio/fs/WindowsException'{0x0000000088afafb0}> (0x0000000088afafb0) 
thrown [s\open\src\hotspot\share\prims\jni.cpp, line 520]
Event: 7.925 Thread 0x000002c6211a0990 Exception <a 'java/io/FileNotFoundException'{0x000000008809eed8}> (0x000000008809eed8) 
thrown [s\open\src\hotspot\share\prims\jni.cpp, line 520]
Event: 7.957 Thread 0x000002c620440430 Exception <a 'java/lang/NoSuchMethodError'{0x000000008824d410}: 'java.lang.Object java.lang.invoke.DirectMethodHandle$Holder.invokeStaticInit(java.lang.Object, int)'> (0x000000008824d410) 
thrown [s\open\src\hotspot\share\interpreter\linkResolver.cpp, line 773]
Event: 9.191 Thread 0x000002c6211a0990 Exception <a 'java/lang/NoSuchMethodError'{0x0000000085c221f0}: static Lshared/classes/Student;.<clinit>()V> (0x0000000085c221f0) 
thrown [s\open\src\hotspot\share\prims\jni.cpp, line 1111]
Event: 9.203 Thread 0x000002c6211a0990 Exception <a 'java/io/FileNotFoundException'{0x0000000085c5a570}> (0x0000000085c5a570) 
thrown [s\open\src\hotspot\share\prims\jni.cpp, line 520]
Event: 20.509 Thread 0x000002c6211a0990 Implicit null exception at 0x000002c5cdd37ab3 to 0x000002c5cdd3beeb
Event: 20.513 Thread 0x000002c6211a0990 Implicit null exception at 0x000002c5cdd7f677 to 0x000002c5cdd88a88

ZGC Phase Switch (0 events):
No events

VM Operations (20 events):
Event: 21.202 Executing VM operation: Cleanup done
Event: 21.515 Executing VM operation: HandshakeAllThreads (Deoptimize)
Event: 21.515 Executing VM operation: HandshakeAllThreads (Deoptimize) done
Event: 21.521 Executing VM operation: HandshakeAllThreads (Deoptimize)
Event: 21.522 Executing VM operation: HandshakeAllThreads (Deoptimize) done
Event: 22.522 Executing VM operation: Cleanup
Event: 22.522 Executing VM operation: Cleanup done
Event: 53.752 Executing VM operation: Cleanup
Event: 53.752 Executing VM operation: Cleanup done
Event: 60.116 Executing VM operation: HandshakeAllThreads (HandshakeForDeflation)
Event: 60.116 Executing VM operation: HandshakeAllThreads (HandshakeForDeflation) done
Event: 60.116 Executing VM operation: RendezvousGCThreads
Event: 60.116 Executing VM operation: RendezvousGCThreads done
Event: 88.395 Executing VM operation: Cleanup
Event: 88.395 Executing VM operation: Cleanup done
Event: 120.368 Executing VM operation: HandshakeAllThreads (HandshakeForDeflation)
Event: 120.368 Executing VM operation: HandshakeAllThreads (HandshakeForDeflation) done
Event: 120.368 Executing VM operation: RendezvousGCThreads
Event: 120.368 Executing VM operation: RendezvousGCThreads done
Event: 123.623 Executing VM operation: Exit

Events (20 events):
Event: 14.831 Thread 0x000002c5da4ef670 flushing nmethod 0x000002c5c6823d10
Event: 14.831 Thread 0x000002c5da4ef670 flushing nmethod 0x000002c5c6824e10
Event: 14.831 Thread 0x000002c5da4ef670 flushing nmethod 0x000002c5c6900790
Event: 14.831 Thread 0x000002c5da4ef670 flushing nmethod 0x000002c5c69b6410
Event: 14.867 Thread 0x000002c5da5208a0 Thread added: 0x000002c5da5208a0
Event: 15.682 Thread 0x000002c5da5208a0 Thread exited: 0x000002c5da5208a0
Event: 18.514 Thread 0x000002c5da51d220 Thread added: 0x000002c5da51d220
Event: 18.674 Thread 0x000002c5da51d220 Thread exited: 0x000002c5da51d220
Event: 19.336 Thread 0x000002c5da5201d0 Thread added: 0x000002c5da5201d0
Event: 19.336 Thread 0x000002c5da51ed60 Thread added: 0x000002c5da51ed60
Event: 19.665 Thread 0x000002c5da51ed60 Thread exited: 0x000002c5da51ed60
Event: 19.665 Thread 0x000002c5da5201d0 Thread exited: 0x000002c5da5201d0
Event: 21.546 Thread 0x000002c5da5208a0 Thread added: 0x000002c5da5208a0
Event: 21.922 Thread 0x000002c5da5208a0 Thread exited: 0x000002c5da5208a0
Event: 123.621 Thread 0x000002c5da6c6b10 Thread added: 0x000002c5da6c6b10
Event: 123.622 Thread 0x000002c5da6c5760 Thread added: 0x000002c5da6c5760
Event: 123.622 Thread 0x000002c5da6c15c0 Thread added: 0x000002c5da6c15c0
Event: 123.622 Thread 0x000002c5da6c15c0 Thread exited: 0x000002c5da6c15c0
Event: 123.623 Thread 0x000002c5da6c5760 Thread exited: 0x000002c5da6c5760
Event: 123.623 Thread 0x000002c5da510d90 Thread exited: 0x000002c5da510d90


Dynamic libraries:
0x00007ff760860000 - 0x00007ff760870000 	C:\Program Files\Java\jdk-21\bin\java.exe
0x00007ffe455d0000 - 0x00007ffe457e7000 	C:\WINDOWS\SYSTEM32\ntdll.dll
0x00007ffe44250000 - 0x00007ffe44314000 	C:\WINDOWS\System32\KERNEL32.DLL
0x00007ffe42be0000 - 0x00007ffe42fb3000 	C:\WINDOWS\System32\KERNELBASE.dll
0x00007ffe427b0000 - 0x00007ffe428c1000 	C:\WINDOWS\System32\ucrtbase.dll
0x00007ffe3e5d0000 - 0x00007ffe3e5e9000 	C:\Program Files\Java\jdk-21\bin\jli.dll
0x00007ffe3d330000 - 0x00007ffe3d34b000 	C:\Program Files\Java\jdk-21\bin\VCRUNTIME140.dll
0x00007ffe44ec0000 - 0x00007ffe44f71000 	C:\WINDOWS\System32\ADVAPI32.dll
0x00007ffe44e10000 - 0x00007ffe44eb7000 	C:\WINDOWS\System32\msvcrt.dll
0x00007ffe43b60000 - 0x00007ffe43c08000 	C:\WINDOWS\System32\sechost.dll
0x00007ffe42b30000 - 0x00007ffe42b58000 	C:\WINDOWS\System32\bcrypt.dll
0x00007ffe45470000 - 0x00007ffe45584000 	C:\WINDOWS\System32\RPCRT4.dll
0x00007ffe43f10000 - 0x00007ffe440c1000 	C:\WINDOWS\System32\USER32.dll
0x00007ffe426e0000 - 0x00007ffe42706000 	C:\WINDOWS\System32\win32u.dll
0x00007ffe26e70000 - 0x00007ffe27108000 	C:\WINDOWS\WinSxS\amd64_microsoft.windows.common-controls_6595b64144ccf1df_6.0.22621.5124_none_270e8f4f7386d69d\COMCTL32.dll
0x00007ffe43d80000 - 0x00007ffe43da9000 	C:\WINDOWS\System32\GDI32.dll
0x00007ffe428d0000 - 0x00007ffe429eb000 	C:\WINDOWS\System32\gdi32full.dll
0x00007ffe42710000 - 0x00007ffe427aa000 	C:\WINDOWS\System32\msvcp_win.dll
0x00007ffe37ce0000 - 0x00007ffe37cea000 	C:\WINDOWS\SYSTEM32\VERSION.dll
0x00007ffe43d40000 - 0x00007ffe43d71000 	C:\WINDOWS\System32\IMM32.DLL
0x00007ffe3e610000 - 0x00007ffe3e61c000 	C:\Program Files\Java\jdk-21\bin\vcruntime140_1.dll
0x00007ffe2a630000 - 0x00007ffe2a6be000 	C:\Program Files\Java\jdk-21\bin\msvcp140.dll
0x00007ffd96410000 - 0x00007ffd9712a000 	C:\Program Files\Java\jdk-21\bin\server\jvm.dll
0x00007ffe43cc0000 - 0x00007ffe43d31000 	C:\WINDOWS\System32\WS2_32.dll
0x00007ffe41f50000 - 0x00007ffe41f9d000 	C:\WINDOWS\SYSTEM32\POWRPROF.dll
0x00007ffe3fdc0000 - 0x00007ffe3fdf4000 	C:\WINDOWS\SYSTEM32\WINMM.dll
0x00007ffe41ee0000 - 0x00007ffe41ef3000 	C:\WINDOWS\SYSTEM32\UMPDC.dll
0x00007ffe41710000 - 0x00007ffe41728000 	C:\WINDOWS\SYSTEM32\kernel.appcore.dll
0x00007ffe2a710000 - 0x00007ffe2a71a000 	C:\Program Files\Java\jdk-21\bin\jimage.dll
0x00007ffe3fb80000 - 0x00007ffe3fdb2000 	C:\WINDOWS\SYSTEM32\DBGHELP.DLL
0x00007ffe43760000 - 0x00007ffe43af2000 	C:\WINDOWS\System32\combase.dll
0x00007ffe43e20000 - 0x00007ffe43ef7000 	C:\WINDOWS\System32\OLEAUT32.dll
0x00007ffe3fe00000 - 0x00007ffe3fe32000 	C:\WINDOWS\SYSTEM32\dbgcore.DLL
0x00007ffe42b60000 - 0x00007ffe42bdb000 	C:\WINDOWS\System32\bcryptPrimitives.dll
0x00007ffe3e710000 - 0x00007ffe3e71f000 	C:\Program Files\Java\jdk-21\bin\instrument.dll
0x00007ffe2a6f0000 - 0x00007ffe2a70f000 	C:\Program Files\Java\jdk-21\bin\java.dll
0x00007ffe444f0000 - 0x00007ffe44d86000 	C:\WINDOWS\System32\SHELL32.dll
0x00007ffe429f0000 - 0x00007ffe42b2f000 	C:\WINDOWS\System32\wintypes.dll
0x00007ffe405b0000 - 0x00007ffe40eca000 	C:\WINDOWS\SYSTEM32\windows.storage.dll
0x00007ffe45340000 - 0x00007ffe4544a000 	C:\WINDOWS\System32\SHCORE.dll
0x00007ffe43270000 - 0x00007ffe432d3000 	C:\WINDOWS\System32\shlwapi.dll
0x00007ffe42610000 - 0x00007ffe4263b000 	C:\WINDOWS\SYSTEM32\profapi.dll
0x00007ffe2a550000 - 0x00007ffe2a627000 	C:\Program Files\Java\jdk-21\bin\jsvml.dll
0x00007ffe2a6e0000 - 0x00007ffe2a6f0000 	C:\Program Files\Java\jdk-21\bin\net.dll
0x00007ffe3ec90000 - 0x00007ffe3edbc000 	C:\WINDOWS\SYSTEM32\WINHTTP.dll
0x00007ffe41c00000 - 0x00007ffe41c6a000 	C:\WINDOWS\system32\mswsock.dll
0x00007ffe2a4b0000 - 0x00007ffe2a4c6000 	C:\Program Files\Java\jdk-21\bin\nio.dll
0x00007ffe28f60000 - 0x00007ffe28f78000 	C:\Program Files\Java\jdk-21\bin\zip.dll
0x00007ffe28730000 - 0x00007ffe2874a000 	C:\Program Files\JetBrains\IntelliJ IDEA 2023.3.4\bin\breakgen64.dll
0x000002c5bdaf0000 - 0x000002c5bdaf3000 	C:\Users\LENOVO\.openjfx\cache\23.0.1+4\amd64\api-ms-win-core-console-l1-1-0.dll
0x000002c5bdb00000 - 0x000002c5bdb03000 	C:\Users\LENOVO\.openjfx\cache\23.0.1+4\amd64\api-ms-win-core-console-l1-2-0.dll
0x000002c5bdb10000 - 0x000002c5bdb13000 	C:\Users\LENOVO\.openjfx\cache\23.0.1+4\amd64\api-ms-win-core-datetime-l1-1-0.dll
0x000002c5bdb20000 - 0x000002c5bdb23000 	C:\Users\LENOVO\.openjfx\cache\23.0.1+4\amd64\api-ms-win-core-debug-l1-1-0.dll
0x000002c5bdb30000 - 0x000002c5bdb33000 	C:\Users\LENOVO\.openjfx\cache\23.0.1+4\amd64\api-ms-win-core-errorhandling-l1-1-0.dll
0x000002c5bdb40000 - 0x000002c5bdb44000 	C:\Users\LENOVO\.openjfx\cache\23.0.1+4\amd64\api-ms-win-core-file-l1-1-0.dll
0x000002c5dace0000 - 0x000002c5dace3000 	C:\Users\LENOVO\.openjfx\cache\23.0.1+4\amd64\api-ms-win-core-file-l1-2-0.dll
0x000002c5dacf0000 - 0x000002c5dacf3000 	C:\Users\LENOVO\.openjfx\cache\23.0.1+4\amd64\api-ms-win-core-file-l2-1-0.dll
0x000002c5dad00000 - 0x000002c5dad03000 	C:\Users\LENOVO\.openjfx\cache\23.0.1+4\amd64\api-ms-win-core-handle-l1-1-0.dll
0x000002c5dad10000 - 0x000002c5dad13000 	C:\Users\LENOVO\.openjfx\cache\23.0.1+4\amd64\api-ms-win-core-heap-l1-1-0.dll
0x000002c5dad20000 - 0x000002c5dad23000 	C:\Users\LENOVO\.openjfx\cache\23.0.1+4\amd64\api-ms-win-core-interlocked-l1-1-0.dll
0x000002c5dad30000 - 0x000002c5dad33000 	C:\Users\LENOVO\.openjfx\cache\23.0.1+4\amd64\api-ms-win-core-libraryloader-l1-1-0.dll
0x000002c5dad40000 - 0x000002c5dad43000 	C:\Users\LENOVO\.openjfx\cache\23.0.1+4\amd64\api-ms-win-core-localization-l1-2-0.dll
0x000002c5dad50000 - 0x000002c5dad53000 	C:\Users\LENOVO\.openjfx\cache\23.0.1+4\amd64\api-ms-win-core-memory-l1-1-0.dll
0x000002c5dad60000 - 0x000002c5dad63000 	C:\Users\LENOVO\.openjfx\cache\23.0.1+4\amd64\api-ms-win-core-namedpipe-l1-1-0.dll
0x000002c5dad70000 - 0x000002c5dad73000 	C:\Users\LENOVO\.openjfx\cache\23.0.1+4\amd64\api-ms-win-core-processenvironment-l1-1-0.dll
0x000002c5dad80000 - 0x000002c5dad83000 	C:\Users\LENOVO\.openjfx\cache\23.0.1+4\amd64\api-ms-win-core-processthreads-l1-1-0.dll
0x000002c5daa80000 - 0x000002c5daa83000 	C:\Users\LENOVO\.openjfx\cache\23.0.1+4\amd64\api-ms-win-core-processthreads-l1-1-1.dll
0x000002c5daa90000 - 0x000002c5daa93000 	C:\Users\LENOVO\.openjfx\cache\23.0.1+4\amd64\api-ms-win-core-profile-l1-1-0.dll
0x000002c5daaa0000 - 0x000002c5daaa3000 	C:\Users\LENOVO\.openjfx\cache\23.0.1+4\amd64\api-ms-win-core-rtlsupport-l1-1-0.dll
0x000002c5daab0000 - 0x000002c5daab3000 	C:\Users\LENOVO\.openjfx\cache\23.0.1+4\amd64\api-ms-win-core-string-l1-1-0.dll
0x000002c5daac0000 - 0x000002c5daac3000 	C:\Users\LENOVO\.openjfx\cache\23.0.1+4\amd64\api-ms-win-core-synch-l1-1-0.dll
0x000002c5daad0000 - 0x000002c5daad3000 	C:\Users\LENOVO\.openjfx\cache\23.0.1+4\amd64\api-ms-win-core-synch-l1-2-0.dll
0x000002c5daae0000 - 0x000002c5daae3000 	C:\Users\LENOVO\.openjfx\cache\23.0.1+4\amd64\api-ms-win-core-sysinfo-l1-1-0.dll
0x000002c5daaf0000 - 0x000002c5daaf3000 	C:\Users\LENOVO\.openjfx\cache\23.0.1+4\amd64\api-ms-win-core-timezone-l1-1-0.dll
0x000002c5dab00000 - 0x000002c5dab03000 	C:\Users\LENOVO\.openjfx\cache\23.0.1+4\amd64\api-ms-win-core-util-l1-1-0.dll
0x000002c5dab10000 - 0x000002c5dab13000 	C:\Users\LENOVO\.openjfx\cache\23.0.1+4\amd64\api-ms-win-crt-conio-l1-1-0.dll
0x000002c5dab20000 - 0x000002c5dab24000 	C:\Users\LENOVO\.openjfx\cache\23.0.1+4\amd64\api-ms-win-crt-convert-l1-1-0.dll
0x000002c5dab30000 - 0x000002c5dab33000 	C:\Users\LENOVO\.openjfx\cache\23.0.1+4\amd64\api-ms-win-crt-environment-l1-1-0.dll
0x000002c5dab40000 - 0x000002c5dab43000 	C:\Users\LENOVO\.openjfx\cache\23.0.1+4\amd64\api-ms-win-crt-filesystem-l1-1-0.dll
0x000002c5dab50000 - 0x000002c5dab53000 	C:\Users\LENOVO\.openjfx\cache\23.0.1+4\amd64\api-ms-win-crt-heap-l1-1-0.dll
0x000002c5dab60000 - 0x000002c5dab63000 	C:\Users\LENOVO\.openjfx\cache\23.0.1+4\amd64\api-ms-win-crt-locale-l1-1-0.dll
0x000002c5dab70000 - 0x000002c5dab75000 	C:\Users\LENOVO\.openjfx\cache\23.0.1+4\amd64\api-ms-win-crt-math-l1-1-0.dll
0x000002c5dab80000 - 0x000002c5dab85000 	C:\Users\LENOVO\.openjfx\cache\23.0.1+4\amd64\api-ms-win-crt-multibyte-l1-1-0.dll
0x000002c5dab90000 - 0x000002c5daba0000 	C:\Users\LENOVO\.openjfx\cache\23.0.1+4\amd64\api-ms-win-crt-private-l1-1-0.dll
0x000002c5daba0000 - 0x000002c5daba3000 	C:\Users\LENOVO\.openjfx\cache\23.0.1+4\amd64\api-ms-win-crt-process-l1-1-0.dll
0x000002c5dabb0000 - 0x000002c5dabb4000 	C:\Users\LENOVO\.openjfx\cache\23.0.1+4\amd64\api-ms-win-crt-runtime-l1-1-0.dll
0x000002c5dabc0000 - 0x000002c5dabc4000 	C:\Users\LENOVO\.openjfx\cache\23.0.1+4\amd64\api-ms-win-crt-stdio-l1-1-0.dll
0x000002c5dabd0000 - 0x000002c5dabd4000 	C:\Users\LENOVO\.openjfx\cache\23.0.1+4\amd64\api-ms-win-crt-string-l1-1-0.dll
0x000002c5dabe0000 - 0x000002c5dabe3000 	C:\Users\LENOVO\.openjfx\cache\23.0.1+4\amd64\api-ms-win-crt-time-l1-1-0.dll
0x000002c5dabf0000 - 0x000002c5dabf3000 	C:\Users\LENOVO\.openjfx\cache\23.0.1+4\amd64\api-ms-win-crt-utility-l1-1-0.dll
0x00007ffe126d0000 - 0x00007ffe127cc000 	C:\Users\LENOVO\.openjfx\cache\23.0.1+4\amd64\ucrtbase.dll
0x00007ffe2a1c0000 - 0x00007ffe2a1db000 	C:\Users\LENOVO\.openjfx\cache\23.0.1+4\amd64\vcruntime140.dll
0x00007ffe2a400000 - 0x00007ffe2a40c000 	C:\Users\LENOVO\.openjfx\cache\23.0.1+4\amd64\vcruntime140_1.dll
0x00007ffe1f480000 - 0x00007ffe1f50e000 	C:\Users\LENOVO\.openjfx\cache\23.0.1+4\amd64\msvcp140.dll
0x00007ffe2a1b0000 - 0x00007ffe2a1b9000 	C:\Users\LENOVO\.openjfx\cache\23.0.1+4\amd64\msvcp140_1.dll
0x00007ffe28cf0000 - 0x00007ffe28d31000 	C:\Users\LENOVO\.openjfx\cache\23.0.1+4\amd64\msvcp140_2.dll
0x00007ffe2a180000 - 0x00007ffe2a1b0000 	C:\Users\LENOVO\.openjfx\cache\23.0.1+4\amd64\prism_d3d.dll
0x00007ffda4850000 - 0x00007ffda49f8000 	C:\WINDOWS\system32\d3d9.dll
0x00007ffe3fa50000 - 0x00007ffe3fa7e000 	C:\WINDOWS\SYSTEM32\dwmapi.dll
0x00007ffe3f750000 - 0x00007ffe3f787000 	C:\WINDOWS\SYSTEM32\dxcore.dll
0x00007ffe3f640000 - 0x00007ffe3f6f3000 	C:\WINDOWS\system32\uxtheme.dll
0x00007ffdd79d0000 - 0x00007ffdd7b7b000 	C:\Windows\System32\DriverStore\FileRepository\iigd_dch.inf_amd64_9b41cef4891594fc\igdumdim64.dll
0x00007ffe45140000 - 0x00007ffe452e1000 	C:\WINDOWS\System32\ole32.dll
0x00007ffd8d1f0000 - 0x00007ffd90e65000 	C:\Windows\System32\DriverStore\FileRepository\iigd_dch.inf_amd64_9b41cef4891594fc\igd9dxva64.dll
0x00007ffe432e0000 - 0x00007ffe43754000 	C:\WINDOWS\System32\SETUPAPI.dll
0x00007ffe423d0000 - 0x00007ffe4241e000 	C:\WINDOWS\SYSTEM32\cfgmgr32.dll
0x00007ffe32ef0000 - 0x00007ffe332d9000 	C:\Windows\System32\DriverStore\FileRepository\iigd_dch.inf_amd64_9b41cef4891594fc\igdgmm64.dll
0x00007ffe3b050000 - 0x00007ffe3b099000 	C:\WINDOWS\SYSTEM32\directxdatabasehelper.dll
0x00007ffe1f430000 - 0x00007ffe1f475000 	C:\Users\LENOVO\.openjfx\cache\23.0.1+4\amd64\glass.dll
0x00007ffe443e0000 - 0x00007ffe444e3000 	C:\WINDOWS\System32\COMDLG32.dll
0x00007ffe440d0000 - 0x00007ffe44230000 	C:\WINDOWS\System32\MSCTF.dll
0x00007ffe27ec0000 - 0x00007ffe27ee7000 	C:\Windows\System32\DriverStore\FileRepository\iigd_dch.inf_amd64_9b41cef4891594fc\igdinfo64.dll
0x00007ffe41e60000 - 0x00007ffe41e7b000 	C:\WINDOWS\SYSTEM32\CRYPTSP.dll
0x00007ffe41670000 - 0x00007ffe416a7000 	C:\WINDOWS\system32\rsaenh.dll
0x00007ffe41e80000 - 0x00007ffe41e8c000 	C:\WINDOWS\SYSTEM32\CRYPTBASE.dll
0x00007ffe2c1a0000 - 0x00007ffe2f8d7000 	C:\Windows\System32\DriverStore\FileRepository\iigd_dch.inf_amd64_9b41cef4891594fc\igc64.dll
0x00007ffe44320000 - 0x00007ffe443d0000 	C:\WINDOWS\System32\clbcatq.dll
0x00007ffe27d30000 - 0x00007ffe27ead000 	C:\Windows\System32\Windows.UI.dll
0x00007ffe02a40000 - 0x00007ffe02bb5000 	C:\Windows\System32\Windows.UI.Immersive.dll
0x00007ffe28e90000 - 0x00007ffe28ea5000 	C:\Users\LENOVO\.openjfx\cache\23.0.1+4\amd64\javafx_font.dll
0x00007ffe3bdf0000 - 0x00007ffe3c063000 	C:\WINDOWS\SYSTEM32\dwrite.dll
0x00007ffe3f450000 - 0x00007ffe3f600000 	C:\WINDOWS\SYSTEM32\WindowsCodecs.dll
0x00007ffdf78b0000 - 0x00007ffdf790e000 	C:\WINDOWS\system32\dataexchange.dll
0x00007ffe37890000 - 0x00007ffe37b36000 	C:\WINDOWS\system32\twinapi.appcore.dll
0x00007ffe2a410000 - 0x00007ffe2a442000 	C:\Program Files\Common Files\Microsoft Shared\Ink\rtscom.dll
0x00007ffe267f0000 - 0x00007ffe26934000 	C:\WINDOWS\SYSTEM32\textinputframework.dll
0x00007ffe3d420000 - 0x00007ffe3d555000 	C:\WINDOWS\SYSTEM32\CoreMessaging.dll
0x00007ffe39b00000 - 0x00007ffe39e6c000 	C:\WINDOWS\SYSTEM32\CoreUIComponents.dll

dbghelp: loaded successfully - version: 4.0.5 - missing functions: none
symbol engine: initialized successfully - sym options: 0x614 - pdb path: .;C:\Program Files\Java\jdk-21\bin;C:\WINDOWS\SYSTEM32;C:\WINDOWS\WinSxS\amd64_microsoft.windows.common-controls_6595b64144ccf1df_6.0.22621.5124_none_270e8f4f7386d69d;C:\Program Files\Java\jdk-21\bin\server;C:\Program Files\JetBrains\IntelliJ IDEA 2023.3.4\bin;C:\Users\LENOVO\.openjfx\cache\23.0.1+4\amd64;C:\Windows\System32\DriverStore\FileRepository\iigd_dch.inf_amd64_9b41cef4891594fc;C:\Program Files\Common Files\Microsoft Shared\Ink

VM Arguments:
jvm_args: -javaagent:C:\Program Files\JetBrains\IntelliJ IDEA 2023.3.4\lib\idea_rt.jar=54741:C:\Program Files\JetBrains\IntelliJ IDEA 2023.3.4\bin -Dfile.encoding=UTF-8 -Dsun.stdout.encoding=UTF-8 -Dsun.stderr.encoding=UTF-8 --module-path=C:\Users\LENOVO\.m2\repository\org\openjfx\javafx-graphics\23.0.1\javafx-graphics-23.0.1-win.jar;C:\Users\LENOVO\.m2\repository\org\openjfx\javafx-controls\23.0.1\javafx-controls-23.0.1-win.jar;C:\Users\LENOVO\.m2\repository\org\openjfx\javafx-fxml\23.0.1\javafx-fxml-23.0.1-win.jar;C:\Users\LENOVO\Downloads\hfgf\target\classes;C:\Users\LENOVO\.m2\repository\org\openjfx\javafx-base\23.0.1\javafx-base-23.0.1-win.jar;C:\Users\LENOVO\.m2\repository\com\mysql\mysql-connector-j\8.0.33\mysql-connector-j-8.0.33.jar -Djdk.module.main=Learnify 
java_command: Learnify/client.AdminClient
java_class_path (initial): C:\Users\LENOVO\.m2\repository\org\openjfx\javafx-controls\23.0.1\javafx-controls-23.0.1.jar;C:\Users\LENOVO\.m2\repository\org\openjfx\javafx-fxml\23.0.1\javafx-fxml-23.0.1.jar;C:\Users\LENOVO\.m2\repository\org\openjfx\javafx-base\23.0.1\javafx-base-23.0.1.jar;C:\Users\LENOVO\.m2\repository\org\openjfx\javafx-graphics\23.0.1\javafx-graphics-23.0.1.jar;C:\Users\LENOVO\.m2\repository\com\google\protobuf\protobuf-java\3.21.9\protobuf-java-3.21.9.jar
Launcher Type: SUN_STANDARD

[Global flags]
     intx CICompilerCount                          = 4                                         {product} {ergonomic}
     uint ConcGCThreads                            = 2                                         {product} {ergonomic}
     uint G1ConcRefinementThreads                  = 8                                         {product} {ergonomic}
   size_t G1HeapRegionSize                         = 1048576                                   {product} {ergonomic}
    uintx GCDrainStackTargetSize                   = 64                                        {product} {ergonomic}
   size_t InitialHeapSize                          = 132120576                                 {product} {ergonomic}
   size_t MarkStackSize                            = 4194304                                   {product} {ergonomic}
   size_t MaxHeapSize                              = 2095054848                                {product} {ergonomic}
   size_t MaxNewSize                               = 1256194048                                {product} {ergonomic}
   size_t MinHeapDeltaBytes                        = 1048576                                   {product} {ergonomic}
   size_t MinHeapSize                              = 8388608                                   {product} {ergonomic}
    uintx NonNMethodCodeHeapSize                   = 5839372                                {pd product} {ergonomic}
    uintx NonProfiledCodeHeapSize                  = 122909434                              {pd product} {ergonomic}
    uintx ProfiledCodeHeapSize                     = 122909434                              {pd product} {ergonomic}
    uintx ReservedCodeCacheSize                    = 251658240                              {pd product} {ergonomic}
     bool SegmentedCodeCache                       = true                                      {product} {ergonomic}
   size_t SoftMaxHeapSize                          = 2095054848                             {manageable} {ergonomic}
     bool UseCompressedOops                        = true                           {product lp64_product} {ergonomic}
     bool UseG1GC                                  = true                                      {product} {ergonomic}
     bool UseLargePagesIndividualAllocation        = false                                  {pd product} {ergonomic}

Logging:
Log output configuration:
 #0: stdout all=off uptime,level,tags foldmultilines=false
 #1: stderr all=off uptime,level,tags foldmultilines=false

Environment Variables:
JAVA_HOME=C:\Program Files\Java\jdk1.8.0_202\bin
PATH=C:\Program Files\Java\jdk1.8.0_202\bin;C:\Program Files (x86)\Common Files\Oracle\Java\java8path;C:\Program Files (x86)\Common Files\Oracle\Java\javapath;C:\Program Files\Java\jdk1.8.0_202;C:\WINDOWS\system32;C:\WINDOWS;C:\WINDOWS\System32\Wbem;C:\WINDOWS\System32\WindowsPowerShell\v1.0\;C:\WINDOWS\System32\OpenSSH\;C:\Program Files (x86)\dotnet\;C:\Program Files\dotnet\;C:\Program Files\PuTTY\;C:\Program Files\Git\cmd;C:\Program Files (x86)\ZeroTier\One\;C:\Users\LENOVO\AppData\Local\Programs\Python\Launcher\;C:\Users\LENOVO\AppData\Local\Microsoft\WindowsApps;C:\Users\LENOVO\AppData\Local\GitHubDesktop\bin;C:\Users\LENOVO\AppData\Local\Programs\Microsoft VS Code\bin;
USERNAME=LENOVO
OS=Windows_NT
PROCESSOR_IDENTIFIER=Intel64 Family 6 Model 140 Stepping 1, GenuineIntel
TMP=C:\Users\LENOVO\AppData\Local\Temp
TEMP=C:\Users\LENOVO\AppData\Local\Temp




Periodic native trim disabled

---------------  S Y S T E M  ---------------

OS:
 Windows 11 , 64 bit Build 22621 (10.0.22621.5124)
OS uptime: 0 days 21:24 hours
Hyper-V role detected

CPU: total 8 (initial active 8) (4 cores per cpu, 2 threads per core) family 6 model 140 stepping 1 microcode 0x9a, cx8, cmov, fxsr, ht, mmx, 3dnowpref, sse, sse2, sse3, ssse3, sse4.1, sse4.2, popcnt, lzcnt, tsc, tscinvbit, avx, avx2, aes, erms, clmul, bmi1, bmi2, adx, avx512f, avx512dq, avx512cd, avx512bw, avx512vl, sha, fma, vzeroupper, avx512_vpopcntdq, avx512_vpclmulqdq, avx512_vaes, avx512_vnni, clflush, clflushopt, clwb, avx512_vbmi2, avx512_vbmi, hv, rdtscp, rdpid, fsrm, gfni, avx512_bitalg, f16c, cet_ibt, cet_ss, avx512_ifma
Processor Information for all 8 processors :
  Max Mhz: 2419, Current Mhz: 2419, Mhz Limit: 2419

Memory: 4k page, system-wide physical 7991M (772M free)
TotalPageFile size 22327M (AvailPageFile size 7856M)
current process WorkingSet (physical memory assigned to process): 631M, peak: 718M
current process commit charge ("private bytes"): 777M, peak: 897M

vm_info: Java HotSpot(TM) 64-Bit Server VM (21.0.6+8-LTS-188) for windows-amd64 JRE (21.0.6+8-LTS-188), built on 2024-12-03T10:50:54Z by "mach5one" with MS VC++ 17.6 (VS2022)

END.
