#
# A fatal error has been detected by the Java Runtime Environment:
#
#  EXCEPTION_ACCESS_VIOLATION (0xc0000005) at pc=0x00007ffe1f458427, pid=20268, tid=20484
#
# JRE version: Java(TM) SE Runtime Environment (21.0.6+8) (build 21.0.6+8-LTS-188)
# Java VM: Java HotSpot(TM) 64-Bit Server VM (21.0.6+8-LTS-188, mixed mode, sharing, tiered, compressed oops, compressed class ptrs, g1 gc, windows-amd64)
# Problematic frame:
# C  [glass.dll+0x28427]
#
# No core dump will be written. Minidumps are not enabled by default on client versions of Windows
#
# If you would like to submit a bug report, please visit:
#   https://bugreport.java.com/bugreport/crash.jsp
#

---------------  S U M M A R Y ------------

Command Line: -javaagent:C:\Program Files\JetBrains\IntelliJ IDEA 2023.3.4\lib\idea_rt.jar=54661:C:\Program Files\JetBrains\IntelliJ IDEA 2023.3.4\bin -Dfile.encoding=UTF-8 -Dsun.stdout.encoding=UTF-8 -Dsun.stderr.encoding=UTF-8 --module-path=C:\Users\LENOVO\.m2\repository\org\openjfx\javafx-graphics\23.0.1\javafx-graphics-23.0.1-win.jar;C:\Users\LENOVO\.m2\repository\org\openjfx\javafx-controls\23.0.1\javafx-controls-23.0.1-win.jar;C:\Users\LENOVO\.m2\repository\org\openjfx\javafx-fxml\23.0.1\javafx-fxml-23.0.1-win.jar;C:\Users\LENOVO\Downloads\hfgf\target\classes;C:\Users\LENOVO\.m2\repository\org\openjfx\javafx-base\23.0.1\javafx-base-23.0.1-win.jar;C:\Users\LENOVO\.m2\repository\com\mysql\mysql-connector-j\8.0.33\mysql-connector-j-8.0.33.jar -Djdk.module.main=Learnify Learnify/client.AdminClient

Host: 11th Gen Intel(R) Core(TM) i5-1135G7 @ 2.40GHz, 8 cores, 7G,  Windows 11 , 64 bit Build 22621 (10.0.22621.5124)
Time: Sat May 10 22:14:45 2025 Malay Peninsula Standard Time elapsed time: 28.465554 seconds (0d 0h 0m 28s)

---------------  T H R E A D  ---------------

Current thread (0x00000264a626eac0):  VMThread "VM Thread"          [id=20484, stack(0x000000f69e000000,0x000000f69e100000) (1024K)]

Stack: [0x000000f69e000000,0x000000f69e100000],  sp=0x000000f69e0ff1d0,  free space=1020k
Native frames: (J=compiled Java code, j=interpreted, Vv=VM code, C=native code)
C  [glass.dll+0x28427]


siginfo: EXCEPTION_ACCESS_VIOLATION (0xc0000005), reading address 0x0000000000000000


Registers:
RAX=0x0000000000000000, RBX=0x00000264a6270d0a, RCX=0x00000264a626eac0, RDX=0x000000f69e0ff1d0
RSP=0x000000f69e0ff1d0, RBP=0x00000264ec0c8108, RSI=0x000000f69e0ff2d8, RDI=0x00000264ec0c80e0
R8 =0x0000000000010002, R9 =0x00000264ec0c80e0, R10=0x85f13e9656da4870, R11=0x000000f69e0ff160
R12=0x00007ffe1f455d30, R13=0x00007ffd97075c30, R14=0x00009939a1a00f0a, R15=0x00000264ec0c80e0
RIP=0x00007ffe1f458427, EFLAGS=0x0000000000010202


Register to memory mapping:

RAX=0x0 is null
RBX=0x00000264a6270d0a is a global jni handle
RCX=0x00000264a626eac0 points into unknown readable memory: 0x00007ffd96e86680 | 80 66 e8 96 fd 7f 00 00
RDX=0x000000f69e0ff1d0 points into unknown readable memory: 0x0000000000000000 | 00 00 00 00 00 00 00 00
RSP=0x000000f69e0ff1d0 points into unknown readable memory: 0x0000000000000000 | 00 00 00 00 00 00 00 00
RBP=0x00000264ec0c8108 points into unknown readable memory: 0x00009939a1a00f0a | 0a 0f a0 a1 39 99 00 00
RSI=0x000000f69e0ff2d8 points into unknown readable memory: 0x000000f69e0ff2c0 | c0 f2 0f 9e f6 00 00 00
RDI=0x00000264ec0c80e0 points into unknown readable memory: 0x01ff6144b4c12f0a | 0a 2f c1 b4 44 61 ff 01
R8 =0x0000000000010002 is an unknown value
R9 =0x00000264ec0c80e0 points into unknown readable memory: 0x01ff6144b4c12f0a | 0a 2f c1 b4 44 61 ff 01
R10=0x85f13e9656da4870 is an unknown value
R11=0x000000f69e0ff160 points into unknown readable memory: 0x00000264ec0c80e0 | e0 80 0c ec 64 02 00 00
R12=0x00007ffe1f455d30 glass.dll
R13=0x00007ffd97075c30 jvm.dll
R14=0x00009939a1a00f0a is an unknown value
R15=0x00000264ec0c80e0 points into unknown readable memory: 0x01ff6144b4c12f0a | 0a 2f c1 b4 44 61 ff 01

Top of Stack: (sp=0x000000f69e0ff1d0)
0x000000f69e0ff1d0:   0000000000000000 000000f69e0ff2d8
0x000000f69e0ff1e0:   00007ffd97075c30 00007ffe1f455d30
0x000000f69e0ff1f0:   00000264ec0c80e8 00007ffe42803a93
0x000000f69e0ff200:   00000264ec0c80e0 0000026400000000
0x000000f69e0ff210:   00000264ec0c8108 000000f69e0ff2d8
0x000000f69e0ff220:   fffffffffffffffe 0000000000000000
0x000000f69e0ff230:   0000000000000001 00007ffe1f430000
0x000000f69e0ff240:   000000f69e0ff2c8 00007ffe427d042e
0x000000f69e0ff250:   0000000000000000 000000f69e0ff2d8
0x000000f69e0ff260:   000000f69e0ff5c0 0000000000000001
0x000000f69e0ff270:   0000000000000001 00007ffe427cdddd
0x000000f69e0ff280:   0000000000000000 00007ffe1f455529
0x000000f69e0ff290:   0000000000000000 000000f69e0ff2c8
0x000000f69e0ff2a0:   fffffffffffffffe 0000000000000001
0x000000f69e0ff2b0:   0000000000000000 00007ffe1f455bbd
0x000000f69e0ff2c0:   00007ffe1f46d078 00007ffe00000002
0x000000f69e0ff2d0:   0000026400000002 000000f69e0ff2c0
0x000000f69e0ff2e0:   00000264ec0c7000 00007ffe455f8af3
0x000000f69e0ff2f0:   0000000000000000 00007ffe1f455ce2
0x000000f69e0ff300:   0000000000000001 00007ffe41e60000
0x000000f69e0ff310:   0000000000000001 00007ffe41e65277
0x000000f69e0ff320:   00007ffe41e60000 000000f69e0ff5c0
0x000000f69e0ff330:   0000000000000001 00007ffe41670000
0x000000f69e0ff340:   00007ffe1f430000 000000007ffe0384
0x000000f69e0ff350:   0000000000000000 00007ffe455f8b8f
0x000000f69e0ff360:   00007ffe1f430000 0000000000000000
0x000000f69e0ff370:   0000000000000001 000000007ffe0385
0x000000f69e0ff380:   00007ffe45707940 00007ffe2d4b15b0
0x000000f69e0ff390:   0000c48cc5eb4c00 00007ffe2c1a0000
0x000000f69e0ff3a0:   00007ffe1f455d30 0000000000000000
0x000000f69e0ff3b0:   0000000000000000 000000f69d5f0000
0x000000f69e0ff3c0:   00000264ec0d3930 00007ffe45621596 

Instructions: (pc=0x00007ffe1f458427)
0x00007ffe1f458327:   8b 4d 58 e8 49 cf ff ff 48 8b 4d 60 e8 40 cf ff
0x00007ffe1f458337:   ff 48 8b 95 80 00 00 00 48 8b 8d 18 01 00 00 e8
0x00007ffe1f458347:   26 c5 ff ff 33 d2 33 c9 e8 8c e1 ff ff 90 48 89
0x00007ffe1f458357:   54 24 10 55 48 83 ec 20 48 8b ea 48 b8 00 00 00
0x00007ffe1f458367:   00 00 00 00 00 48 83 c4 20 5d c3 cc 40 55 48 8b
0x00007ffe1f458377:   ea 48 8b 01 33 c9 81 38 05 00 00 c0 0f 94 c1 8b
0x00007ffe1f458387:   c1 5d c3 cc 40 55 48 83 ec 20 48 8b ea 8a 4d 40
0x00007ffe1f458397:   48 83 c4 20 5d e9 33 d3 ff ff cc 40 55 48 83 ec
0x00007ffe1f4583a7:   20 48 8b ea 8a 4d 20 e8 21 d3 ff ff 90 48 83 c4
0x00007ffe1f4583b7:   20 5d c3 cc 40 55 48 83 ec 20 48 8b ea 48 83 c4
0x00007ffe1f4583c7:   20 5d e9 82 d1 ff ff cc 40 55 48 83 ec 30 48 8b
0x00007ffe1f4583d7:   ea 48 8b 01 8b 10 48 89 4c 24 28 89 54 24 20 4c
0x00007ffe1f4583e7:   8d 0d 23 d6 ff ff 4c 8b 45 70 8b 55 68 48 8b 4d
0x00007ffe1f4583f7:   60 e8 c3 d0 ff ff 90 48 83 c4 30 5d c3 cc cc cc
0x00007ffe1f458407:   cc cc cc cc cc cc cc cc cc 40 53 48 83 ec 20 48
0x00007ffe1f458417:   8b 1d 1b 46 01 00 48 85 db 74 16 e8 59 90 ff ff
0x00007ffe1f458427:   4c 8b 00 48 8b d3 48 8b c8 41 ff 90 b0 00 00 00
0x00007ffe1f458437:   90 48 83 c4 20 5b c3 cc cc 40 53 48 83 ec 20 48
0x00007ffe1f458447:   8b 1d 5b 47 01 00 48 85 db 74 57 b8 ff ff ff ff
0x00007ffe1f458457:   f0 0f c1 43 10 83 f8 01 75 3d 48 85 db 74 38 48
0x00007ffe1f458467:   8b 0b 48 85 c9 74 0d ff 15 3c 0e 00 00 48 c7 03
0x00007ffe1f458477:   00 00 00 00 48 8b 4b 08 48 85 c9 74 0d e8 ef cd
0x00007ffe1f458487:   ff ff 48 c7 43 08 00 00 00 00 ba 18 00 00 00 48
0x00007ffe1f458497:   8b cb e8 da cd ff ff 48 c7 05 ff 46 01 00 00 00
0x00007ffe1f4584a7:   00 00 48 83 c4 20 5b c3 cc 40 53 48 83 ec 20 48
0x00007ffe1f4584b7:   8b 1d cb 46 01 00 48 85 db 74 57 b8 ff ff ff ff
0x00007ffe1f4584c7:   f0 0f c1 43 10 83 f8 01 75 3d 48 85 db 74 38 48
0x00007ffe1f4584d7:   8b 0b 48 85 c9 74 0d ff 15 cc 0d 00 00 48 c7 03
0x00007ffe1f4584e7:   00 00 00 00 48 8b 4b 08 48 85 c9 74 0d e8 7f cd
0x00007ffe1f4584f7:   ff ff 48 c7 43 08 00 00 00 00 ba 18 00 00 00 48
0x00007ffe1f458507:   8b cb e8 6a cd ff ff 48 c7 05 6f 46 01 00 00 00
0x00007ffe1f458517:   00 00 48 83 c4 20 5b c3 cc 40 53 48 83 ec 20 48 


Stack slot to memory mapping:

stack at sp + 0 slots: 0x0 is null
stack at sp + 1 slots: 0x000000f69e0ff2d8 points into unknown readable memory: 0x000000f69e0ff2c0 | c0 f2 0f 9e f6 00 00 00
stack at sp + 2 slots: 0x00007ffd97075c30 jvm.dll
stack at sp + 3 slots: 0x00007ffe1f455d30 glass.dll
stack at sp + 4 slots: 0x00000264ec0c80e8 points into unknown readable memory: 0x00009939a1a00f0a | 0a 0f a0 a1 39 99 00 00
stack at sp + 5 slots: 0x00007ffe42803a93 ucrtbase.dll
stack at sp + 6 slots: 0x00000264ec0c80e0 points into unknown readable memory: 0x01ff6144b4c12f0a | 0a 2f c1 b4 44 61 ff 01
stack at sp + 7 slots: 0x0000026400000000 is an unknown value

VM_Operation (0x000000f6a04ff420): Exit, mode: safepoint, requested by thread 0x00000264ec440a90


---------------  P R O C E S S  ---------------

Threads class SMR info:
_java_thread_list=0x00000264a692b770, length=25, elements={
0x0000026489996740, 0x00000264a628a2d0, 0x00000264a628b2d0, 0x00000264a6290d60,
0x00000264a62920c0, 0x00000264a6296b40, 0x00000264a62ad100, 0x00000264a62cdba0,
0x00000264a625ea60, 0x00000264a6875600, 0x00000264a6e2b030, 0x00000264a6715f60,
0x00000264ec0e1e90, 0x00000264ec267fc0, 0x00000264ec3262c0, 0x00000264ec8bfb10,
0x00000264ec8c61e0, 0x00000264ec8c5b50, 0x00000264ec8c7590, 0x00000264ec8c47a0,
0x00000264ec8c4e30, 0x00000264ec8c54c0, 0x00000264ec8c6870, 0x00000264ec8c4110,
0x00000264ec440a90
}

Java Threads: ( => current thread )
  0x0000026489996740 JavaThread "main"                              [_thread_blocked, id=9744, stack(0x000000f69d900000,0x000000f69da00000) (1024K)]
  0x00000264a628a2d0 JavaThread "Reference Handler"          daemon [_thread_blocked, id=23228, stack(0x000000f69e100000,0x000000f69e200000) (1024K)]
  0x00000264a628b2d0 JavaThread "Finalizer"                  daemon [_thread_blocked, id=18648, stack(0x000000f69e200000,0x000000f69e300000) (1024K)]
  0x00000264a6290d60 JavaThread "Attach Listener"            daemon [_thread_blocked, id=15664, stack(0x000000f69e400000,0x000000f69e500000) (1024K)]
  0x00000264a62920c0 JavaThread "Service Thread"             daemon [_thread_blocked, id=10184, stack(0x000000f69e500000,0x000000f69e600000) (1024K)]
  0x00000264a6296b40 JavaThread "Monitor Deflation Thread"   daemon [_thread_blocked, id=17984, stack(0x000000f69e600000,0x000000f69e700000) (1024K)]
  0x00000264a62ad100 JavaThread "C2 CompilerThread0"         daemon [_thread_blocked, id=9160, stack(0x000000f69e700000,0x000000f69e800000) (1024K)]
  0x00000264a62cdba0 JavaThread "C1 CompilerThread0"         daemon [_thread_blocked, id=13932, stack(0x000000f69e800000,0x000000f69e900000) (1024K)]
  0x00000264a625ea60 JavaThread "Common-Cleaner"             daemon [_thread_blocked, id=17960, stack(0x000000f69e900000,0x000000f69ea00000) (1024K)]
  0x00000264a6875600 JavaThread "Monitor Ctrl-Break"         daemon [_thread_in_native, id=9708, stack(0x000000f69ec00000,0x000000f69ed00000) (1024K)]
  0x00000264a6e2b030 JavaThread "Notification Thread"        daemon [_thread_blocked, id=22204, stack(0x000000f69ed00000,0x000000f69ee00000) (1024K)]
  0x00000264a6715f60 JavaThread "QuantumRenderer-0"          daemon [_thread_blocked, id=5856, stack(0x000000f69ee00000,0x000000f69ef00000) (1024K)]
  0x00000264ec0e1e90 JavaThread "InvokeLaterDispatcher"      daemon [_thread_blocked, id=7964, stack(0x000000f69ea00000,0x000000f69eb00000) (1024K)]
  0x00000264ec267fc0 JavaThread "JavaFX Application Thread"         [_thread_in_native, id=22820, stack(0x000000f69eb00000,0x000000f69ec00000) (1024K)]
  0x00000264ec3262c0 JavaThread "Thread-1"                   daemon [_thread_in_native, id=13084, stack(0x000000f69f700000,0x000000f69f800000) (1024K)]
  0x00000264ec8bfb10 JavaThread "JavaFX-Launcher"                   [_thread_blocked, id=15728, stack(0x000000f69f900000,0x000000f69fa00000) (1024K)]
  0x00000264ec8c61e0 JavaThread "Prism Font Disposer"        daemon [_thread_blocked, id=2808, stack(0x000000f6a0000000,0x000000f6a0100000) (1024K)]
  0x00000264ec8c5b50 JavaThread "Cleaner-0"                  daemon [_thread_blocked, id=8912, stack(0x000000f6a0100000,0x000000f6a0200000) (1024K)]
  0x00000264ec8c7590 JavaThread "RMI Scheduler(0)"           daemon [_thread_blocked, id=22324, stack(0x000000f69f800000,0x000000f69f900000) (1024K)]
  0x00000264ec8c47a0 JavaThread "RMI RenewClean-[localhost:54570]" daemon [_thread_blocked, id=14716, stack(0x000000f69fa00000,0x000000f69fb00000) (1024K)]
  0x00000264ec8c4e30 JavaThread "RMI GC Daemon"              daemon [_thread_blocked, id=21908, stack(0x000000f6a0200000,0x000000f6a0300000) (1024K)]
  0x00000264ec8c54c0 JavaThread "Timer-0"                    daemon [_thread_blocked, id=23180, stack(0x000000f6a0500000,0x000000f6a0600000) (1024K)]
  0x00000264ec8c6870 JavaThread "Timer-1"                    daemon [_thread_blocked, id=5412, stack(0x000000f6a0600000,0x000000f6a0700000) (1024K)]
  0x00000264ec8c4110 JavaThread "Timer-2"                    daemon [_thread_blocked, id=8572, stack(0x000000f6a0700000,0x000000f6a0800000) (1024K)]
  0x00000264ec440a90 JavaThread "SIGINT handler"             daemon [_thread_blocked, id=21568, stack(0x000000f6a0400000,0x000000f6a0500000) (1024K)]
Total: 25

Other Threads:
=>0x00000264a626eac0 VMThread "VM Thread"                           [id=20484, stack(0x000000f69e000000,0x000000f69e100000) (1024K)]
  0x00000264899ef710 WorkerThread "GC Thread#0"                     [id=9304, stack(0x000000f69da00000,0x000000f69db00000) (1024K)]
  0x00000264ec7f1230 WorkerThread "GC Thread#1"                     [id=14220, stack(0x000000f69f200000,0x000000f69f300000) (1024K)]
  0x00000264ec7e4280 WorkerThread "GC Thread#2"                     [id=16476, stack(0x000000f69f300000,0x000000f69f400000) (1024K)]
  0x00000264ec7239e0 WorkerThread "GC Thread#3"                     [id=9324, stack(0x000000f69f400000,0x000000f69f500000) (1024K)]
  0x00000264ec7acf70 WorkerThread "GC Thread#4"                     [id=19572, stack(0x000000f69f500000,0x000000f69f600000) (1024K)]
  0x00000264ec7ad310 WorkerThread "GC Thread#5"                     [id=17768, stack(0x000000f69f600000,0x000000f69f700000) (1024K)]
  0x00000264ecd5b700 WorkerThread "GC Thread#6"                     [id=4988, stack(0x000000f69fb00000,0x000000f69fc00000) (1024K)]
  0x00000264ecc7d850 WorkerThread "GC Thread#7"                     [id=22112, stack(0x000000f69fc00000,0x000000f69fd00000) (1024K)]
  0x0000026489a01270 ConcurrentGCThread "G1 Main Marker"            terminated
  0x0000026489a01d70 WorkerThread "G1 Conc#0"                       [id=10708, stack(0x000000f69dc00000,0x000000f69dd00000) (1024K)]
  0x00000264ecc7e7f0 WorkerThread "G1 Conc#1"                       [id=5544, stack(0x000000f6a0300000,0x000000f6a0400000) (1024K)]
  0x0000026489a5e610 ConcurrentGCThread "G1 Refine#0"               terminated
  0x00000264a612d790 ConcurrentGCThread "G1 Service"                terminated
Total: 14

Threads with active compile tasks:
Total: 0

VM state: at safepoint (shutting down)

VM Mutex/Monitor currently owned by a thread:  ([mutex/lock_event])
[0x00007ffd9704de98] Threads_lock - owner thread: 0x00000264a626eac0
[0x00007ffd9704df98] Heap_lock - owner thread: 0x00000264ec440a90

Heap address: 0x0000000083200000, size: 1998 MB, Compressed Oops mode: 32-bit

CDS archive(s) mapped at: [0x00000264a7000000-0x00000264a7c90000-0x00000264a7c90000), size 13172736, SharedBaseAddress: 0x00000264a7000000, ArchiveRelocationMode: 1.
Compressed class space mapped at: 0x00000264a8000000-0x00000264e8000000, reserved size: 1073741824
Narrow klass base: 0x00000264a7000000, Narrow klass shift: 0, Narrow klass range: 0x100000000

GC Precious Log:
 CardTable entry size: 512
 Card Set container configuration: InlinePtr #cards 5 size 8 Array Of Cards #cards 12 size 40 Howl #buckets 4 coarsen threshold 1843 Howl Bitmap #cards 512 size 80 coarsen threshold 460 Card regions per heap region 1 cards per card region 2048
 CPUs: 8 total, 8 available
 Memory: 7991M
 Large Page Support: Disabled
 NUMA Support: Disabled
 Compressed Oops: Enabled (32-bit)
 Heap Region Size: 1M
 Heap Min Capacity: 8M
 Heap Initial Capacity: 126M
 Heap Max Capacity: 1998M
 Pre-touch: Disabled
 Parallel Workers: 8
 Concurrent Workers: 2
 Concurrent Refinement Workers: 8
 Periodic GC: Disabled

Heap:
 garbage-first heap   total 406528K, used 377055K [0x0000000083200000, 0x0000000100000000)
  region size 1024K, 16 young (16384K), 2 survivors (2048K)
 Metaspace       used 24346K, committed 24768K, reserved 1114112K
  class space    used 3479K, committed 3712K, reserved 1048576K

Heap Regions: E=young(eden), S=young(survivor), O=old, HS=humongous(starts), HC=humongous(continues), CS=collection set, F=free, TAMS=top-at-mark-start, PB=parsable bottom
|   0|0x0000000083200000, 0x0000000083300000, 0x0000000083300000|100%| O|  |TAMS 0x0000000083200000| PB 0x0000000083200000| Untracked 
|   1|0x0000000083300000, 0x0000000083400000, 0x0000000083400000|100%| O|  |TAMS 0x0000000083300000| PB 0x0000000083300000| Untracked 
|   2|0x0000000083400000, 0x0000000083500000, 0x0000000083500000|100%| O|  |TAMS 0x0000000083400000| PB 0x0000000083400000| Untracked 
|   3|0x0000000083500000, 0x0000000083600000, 0x0000000083600000|100%|HS|  |TAMS 0x0000000083500000| PB 0x0000000083500000| Complete 
|   4|0x0000000083600000, 0x0000000083700000, 0x0000000083700000|100%|HC|  |TAMS 0x0000000083600000| PB 0x0000000083600000| Complete 
|   5|0x0000000083700000, 0x0000000083800000, 0x0000000083800000|100%|HS|  |TAMS 0x0000000083700000| PB 0x0000000083700000| Complete 
|   6|0x0000000083800000, 0x0000000083900000, 0x0000000083900000|100%|HS|  |TAMS 0x0000000083800000| PB 0x0000000083800000| Complete 
|   7|0x0000000083900000, 0x0000000083a00000, 0x0000000083a00000|100%|HS|  |TAMS 0x0000000083900000| PB 0x0000000083900000| Complete 
|   8|0x0000000083a00000, 0x0000000083b00000, 0x0000000083b00000|100%|HC|  |TAMS 0x0000000083a00000| PB 0x0000000083a00000| Complete 
|   9|0x0000000083b00000, 0x0000000083c00000, 0x0000000083c00000|100%|HS|  |TAMS 0x0000000083b00000| PB 0x0000000083b00000| Complete 
|  10|0x0000000083c00000, 0x0000000083d00000, 0x0000000083d00000|100%|HS|  |TAMS 0x0000000083c00000| PB 0x0000000083c00000| Complete 
|  11|0x0000000083d00000, 0x0000000083e00000, 0x0000000083e00000|100%|HS|  |TAMS 0x0000000083d00000| PB 0x0000000083d00000| Complete 
|  12|0x0000000083e00000, 0x0000000083f00000, 0x0000000083f00000|100%|HS|  |TAMS 0x0000000083e00000| PB 0x0000000083e00000| Complete 
|  13|0x0000000083f00000, 0x0000000084000000, 0x0000000084000000|100%|HS|  |TAMS 0x0000000083f00000| PB 0x0000000083f00000| Complete 
|  14|0x0000000084000000, 0x0000000084100000, 0x0000000084100000|100%|HS|  |TAMS 0x0000000084000000| PB 0x0000000084000000| Complete 
|  15|0x0000000084100000, 0x0000000084200000, 0x0000000084200000|100%|HS|  |TAMS 0x0000000084100000| PB 0x0000000084100000| Complete 
|  16|0x0000000084200000, 0x0000000084300000, 0x0000000084300000|100%|HS|  |TAMS 0x0000000084200000| PB 0x0000000084200000| Complete 
|  17|0x0000000084300000, 0x0000000084400000, 0x0000000084400000|100%|HS|  |TAMS 0x0000000084300000| PB 0x0000000084300000| Complete 
|  18|0x0000000084400000, 0x0000000084500000, 0x0000000084500000|100%|HS|  |TAMS 0x0000000084400000| PB 0x0000000084400000| Complete 
|  19|0x0000000084500000, 0x0000000084600000, 0x0000000084600000|100%|HS|  |TAMS 0x0000000084500000| PB 0x0000000084500000| Complete 
|  20|0x0000000084600000, 0x0000000084700000, 0x0000000084700000|100%|HS|  |TAMS 0x0000000084600000| PB 0x0000000084600000| Complete 
|  21|0x0000000084700000, 0x0000000084800000, 0x0000000084800000|100%|HS|  |TAMS 0x0000000084700000| PB 0x0000000084700000| Complete 
|  22|0x0000000084800000, 0x0000000084900000, 0x0000000084900000|100%|HS|  |TAMS 0x0000000084800000| PB 0x0000000084800000| Complete 
|  23|0x0000000084900000, 0x0000000084a00000, 0x0000000084a00000|100%|HC|  |TAMS 0x0000000084900000| PB 0x0000000084900000| Complete 
|  24|0x0000000084a00000, 0x0000000084b00000, 0x0000000084b00000|100%|HS|  |TAMS 0x0000000084a00000| PB 0x0000000084a00000| Complete 
|  25|0x0000000084b00000, 0x0000000084c00000, 0x0000000084c00000|100%|HS|  |TAMS 0x0000000084b00000| PB 0x0000000084b00000| Complete 
|  26|0x0000000084c00000, 0x0000000084d00000, 0x0000000084d00000|100%|HS|  |TAMS 0x0000000084c00000| PB 0x0000000084c00000| Complete 
|  27|0x0000000084d00000, 0x0000000084e00000, 0x0000000084e00000|100%|HC|  |TAMS 0x0000000084d00000| PB 0x0000000084d00000| Complete 
|  28|0x0000000084e00000, 0x0000000084f00000, 0x0000000084f00000|100%|HS|  |TAMS 0x0000000084e00000| PB 0x0000000084e00000| Complete 
|  29|0x0000000084f00000, 0x0000000085000000, 0x0000000085000000|100%|HS|  |TAMS 0x0000000084f00000| PB 0x0000000084f00000| Complete 
|  30|0x0000000085000000, 0x0000000085100000, 0x0000000085100000|100%|HC|  |TAMS 0x0000000085000000| PB 0x0000000085000000| Complete 
|  31|0x0000000085100000, 0x0000000085200000, 0x0000000085200000|100%|HS|  |TAMS 0x0000000085100000| PB 0x0000000085100000| Complete 
|  32|0x0000000085200000, 0x0000000085300000, 0x0000000085300000|100%|HS|  |TAMS 0x0000000085200000| PB 0x0000000085200000| Complete 
|  33|0x0000000085300000, 0x0000000085400000, 0x0000000085400000|100%|HC|  |TAMS 0x0000000085300000| PB 0x0000000085300000| Complete 
|  34|0x0000000085400000, 0x0000000085500000, 0x0000000085500000|100%|HS|  |TAMS 0x0000000085400000| PB 0x0000000085400000| Complete 
|  35|0x0000000085500000, 0x0000000085600000, 0x0000000085600000|100%|HS|  |TAMS 0x0000000085500000| PB 0x0000000085500000| Complete 
|  36|0x0000000085600000, 0x0000000085700000, 0x0000000085700000|100%|HC|  |TAMS 0x0000000085600000| PB 0x0000000085600000| Complete 
|  37|0x0000000085700000, 0x0000000085800000, 0x0000000085800000|100%|HS|  |TAMS 0x0000000085700000| PB 0x0000000085700000| Complete 
|  38|0x0000000085800000, 0x0000000085900000, 0x0000000085900000|100%|HS|  |TAMS 0x0000000085800000| PB 0x0000000085800000| Complete 
|  39|0x0000000085900000, 0x0000000085a00000, 0x0000000085a00000|100%|HC|  |TAMS 0x0000000085900000| PB 0x0000000085900000| Complete 
|  40|0x0000000085a00000, 0x0000000085b00000, 0x0000000085b00000|100%|HS|  |TAMS 0x0000000085a00000| PB 0x0000000085a00000| Complete 
|  41|0x0000000085b00000, 0x0000000085c00000, 0x0000000085c00000|100%|HS|  |TAMS 0x0000000085b00000| PB 0x0000000085b00000| Complete 
|  42|0x0000000085c00000, 0x0000000085d00000, 0x0000000085d00000|100%|HC|  |TAMS 0x0000000085c00000| PB 0x0000000085c00000| Complete 
|  43|0x0000000085d00000, 0x0000000085e00000, 0x0000000085e00000|100%| O|  |TAMS 0x0000000085d00000| PB 0x0000000085d00000| Untracked 
|  44|0x0000000085e00000, 0x0000000085f00000, 0x0000000085f00000|100%|HS|  |TAMS 0x0000000085e00000| PB 0x0000000085e00000| Complete 
|  45|0x0000000085f00000, 0x0000000086000000, 0x0000000086000000|100%|HC|  |TAMS 0x0000000085f00000| PB 0x0000000085f00000| Complete 
|  46|0x0000000086000000, 0x0000000086100000, 0x0000000086100000|100%|HS|  |TAMS 0x0000000086000000| PB 0x0000000086000000| Complete 
|  47|0x0000000086100000, 0x0000000086200000, 0x0000000086200000|100%|HS|  |TAMS 0x0000000086100000| PB 0x0000000086100000| Complete 
|  48|0x0000000086200000, 0x0000000086300000, 0x0000000086300000|100%|HS|  |TAMS 0x0000000086200000| PB 0x0000000086200000| Complete 
|  49|0x0000000086300000, 0x0000000086400000, 0x0000000086400000|100%|HC|  |TAMS 0x0000000086300000| PB 0x0000000086300000| Complete 
|  50|0x0000000086400000, 0x0000000086500000, 0x0000000086500000|100%|HS|  |TAMS 0x0000000086400000| PB 0x0000000086400000| Complete 
|  51|0x0000000086500000, 0x0000000086600000, 0x0000000086600000|100%|HS|  |TAMS 0x0000000086500000| PB 0x0000000086500000| Complete 
|  52|0x0000000086600000, 0x0000000086700000, 0x0000000086700000|100%|HC|  |TAMS 0x0000000086600000| PB 0x0000000086600000| Complete 
|  53|0x0000000086700000, 0x0000000086800000, 0x0000000086800000|100%|HS|  |TAMS 0x0000000086700000| PB 0x0000000086700000| Complete 
|  54|0x0000000086800000, 0x0000000086900000, 0x0000000086900000|100%|HS|  |TAMS 0x0000000086800000| PB 0x0000000086800000| Complete 
|  55|0x0000000086900000, 0x0000000086a00000, 0x0000000086a00000|100%|HC|  |TAMS 0x0000000086900000| PB 0x0000000086900000| Complete 
|  56|0x0000000086a00000, 0x0000000086b00000, 0x0000000086b00000|100%|HS|  |TAMS 0x0000000086a00000| PB 0x0000000086a00000| Complete 
|  57|0x0000000086b00000, 0x0000000086c00000, 0x0000000086c00000|100%|HS|  |TAMS 0x0000000086b00000| PB 0x0000000086b00000| Complete 
|  58|0x0000000086c00000, 0x0000000086d00000, 0x0000000086d00000|100%|HC|  |TAMS 0x0000000086c00000| PB 0x0000000086c00000| Complete 
|  59|0x0000000086d00000, 0x0000000086e00000, 0x0000000086e00000|100%|HS|  |TAMS 0x0000000086d00000| PB 0x0000000086d00000| Complete 
|  60|0x0000000086e00000, 0x0000000086f00000, 0x0000000086f00000|100%|HS|  |TAMS 0x0000000086e00000| PB 0x0000000086e00000| Complete 
|  61|0x0000000086f00000, 0x0000000087000000, 0x0000000087000000|100%|HC|  |TAMS 0x0000000086f00000| PB 0x0000000086f00000| Complete 
|  62|0x0000000087000000, 0x0000000087100000, 0x0000000087100000|100%|HS|  |TAMS 0x0000000087000000| PB 0x0000000087000000| Complete 
|  63|0x0000000087100000, 0x0000000087200000, 0x0000000087200000|100%|HS|  |TAMS 0x0000000087100000| PB 0x0000000087100000| Complete 
|  64|0x0000000087200000, 0x0000000087300000, 0x0000000087300000|100%|HS|  |TAMS 0x0000000087200000| PB 0x0000000087200000| Complete 
|  65|0x0000000087300000, 0x0000000087400000, 0x0000000087400000|100%|HS|  |TAMS 0x0000000087300000| PB 0x0000000087300000| Complete 
|  66|0x0000000087400000, 0x0000000087500000, 0x0000000087500000|100%|HC|  |TAMS 0x0000000087400000| PB 0x0000000087400000| Complete 
|  67|0x0000000087500000, 0x0000000087600000, 0x0000000087600000|100%|HS|  |TAMS 0x0000000087500000| PB 0x0000000087500000| Complete 
|  68|0x0000000087600000, 0x0000000087700000, 0x0000000087700000|100%|HS|  |TAMS 0x0000000087600000| PB 0x0000000087600000| Complete 
|  69|0x0000000087700000, 0x0000000087800000, 0x0000000087800000|100%|HC|  |TAMS 0x0000000087700000| PB 0x0000000087700000| Complete 
|  70|0x0000000087800000, 0x0000000087900000, 0x0000000087900000|100%|HS|  |TAMS 0x0000000087800000| PB 0x0000000087800000| Complete 
|  71|0x0000000087900000, 0x0000000087a00000, 0x0000000087a00000|100%|HC|  |TAMS 0x0000000087900000| PB 0x0000000087900000| Complete 
|  72|0x0000000087a00000, 0x0000000087b00000, 0x0000000087b00000|100%|HS|  |TAMS 0x0000000087a00000| PB 0x0000000087a00000| Complete 
|  73|0x0000000087b00000, 0x0000000087c00000, 0x0000000087c00000|100%|HC|  |TAMS 0x0000000087b00000| PB 0x0000000087b00000| Complete 
|  74|0x0000000087c00000, 0x0000000087d00000, 0x0000000087d00000|100%|HS|  |TAMS 0x0000000087c00000| PB 0x0000000087c00000| Complete 
|  75|0x0000000087d00000, 0x0000000087e00000, 0x0000000087e00000|100%|HS|  |TAMS 0x0000000087d00000| PB 0x0000000087d00000| Complete 
|  76|0x0000000087e00000, 0x0000000087f00000, 0x0000000087f00000|100%|HC|  |TAMS 0x0000000087e00000| PB 0x0000000087e00000| Complete 
|  77|0x0000000087f00000, 0x0000000088000000, 0x0000000088000000|100%|HS|  |TAMS 0x0000000087f00000| PB 0x0000000087f00000| Complete 
|  78|0x0000000088000000, 0x0000000088100000, 0x0000000088100000|100%|HS|  |TAMS 0x0000000088000000| PB 0x0000000088000000| Complete 
|  79|0x0000000088100000, 0x0000000088200000, 0x0000000088200000|100%|HC|  |TAMS 0x0000000088100000| PB 0x0000000088100000| Complete 
|  80|0x0000000088200000, 0x0000000088300000, 0x0000000088300000|100%|HS|  |TAMS 0x0000000088200000| PB 0x0000000088200000| Complete 
|  81|0x0000000088300000, 0x0000000088400000, 0x0000000088400000|100%|HS|  |TAMS 0x0000000088300000| PB 0x0000000088300000| Complete 
|  82|0x0000000088400000, 0x0000000088500000, 0x0000000088500000|100%|HC|  |TAMS 0x0000000088400000| PB 0x0000000088400000| Complete 
|  83|0x0000000088500000, 0x0000000088600000, 0x0000000088600000|100%|HS|  |TAMS 0x0000000088500000| PB 0x0000000088500000| Complete 
|  84|0x0000000088600000, 0x0000000088700000, 0x0000000088700000|100%|HS|  |TAMS 0x0000000088600000| PB 0x0000000088600000| Complete 
|  85|0x0000000088700000, 0x0000000088800000, 0x0000000088800000|100%|HC|  |TAMS 0x0000000088700000| PB 0x0000000088700000| Complete 
|  86|0x0000000088800000, 0x0000000088900000, 0x0000000088900000|100%|HS|  |TAMS 0x0000000088800000| PB 0x0000000088800000| Complete 
|  87|0x0000000088900000, 0x0000000088a00000, 0x0000000088a00000|100%|HS|  |TAMS 0x0000000088900000| PB 0x0000000088900000| Complete 
|  88|0x0000000088a00000, 0x0000000088b00000, 0x0000000088b00000|100%|HC|  |TAMS 0x0000000088a00000| PB 0x0000000088a00000| Complete 
|  89|0x0000000088b00000, 0x0000000088c00000, 0x0000000088c00000|100%|HS|  |TAMS 0x0000000088b00000| PB 0x0000000088b00000| Complete 
|  90|0x0000000088c00000, 0x0000000088d00000, 0x0000000088d00000|100%|HS|  |TAMS 0x0000000088c00000| PB 0x0000000088c00000| Complete 
|  91|0x0000000088d00000, 0x0000000088e00000, 0x0000000088e00000|100%|HC|  |TAMS 0x0000000088d00000| PB 0x0000000088d00000| Complete 
|  92|0x0000000088e00000, 0x0000000088f00000, 0x0000000088f00000|100%|HS|  |TAMS 0x0000000088e00000| PB 0x0000000088e00000| Complete 
|  93|0x0000000088f00000, 0x0000000089000000, 0x0000000089000000|100%|HS|  |TAMS 0x0000000088f00000| PB 0x0000000088f00000| Complete 
|  94|0x0000000089000000, 0x0000000089100000, 0x0000000089100000|100%|HC|  |TAMS 0x0000000089000000| PB 0x0000000089000000| Complete 
|  95|0x0000000089100000, 0x0000000089200000, 0x0000000089200000|100%|HS|  |TAMS 0x0000000089100000| PB 0x0000000089100000| Complete 
|  96|0x0000000089200000, 0x0000000089300000, 0x0000000089300000|100%|HS|  |TAMS 0x0000000089200000| PB 0x0000000089200000| Complete 
|  97|0x0000000089300000, 0x0000000089400000, 0x0000000089400000|100%|HC|  |TAMS 0x0000000089300000| PB 0x0000000089300000| Complete 
|  98|0x0000000089400000, 0x0000000089500000, 0x0000000089500000|100%|HS|  |TAMS 0x0000000089400000| PB 0x0000000089400000| Complete 
|  99|0x0000000089500000, 0x0000000089600000, 0x0000000089600000|100%|HS|  |TAMS 0x0000000089500000| PB 0x0000000089500000| Complete 
| 100|0x0000000089600000, 0x0000000089700000, 0x0000000089700000|100%|HC|  |TAMS 0x0000000089600000| PB 0x0000000089600000| Complete 
| 101|0x0000000089700000, 0x0000000089800000, 0x0000000089800000|100%|HS|  |TAMS 0x0000000089700000| PB 0x0000000089700000| Complete 
| 102|0x0000000089800000, 0x0000000089900000, 0x0000000089900000|100%|HS|  |TAMS 0x0000000089800000| PB 0x0000000089800000| Complete 
| 103|0x0000000089900000, 0x0000000089a00000, 0x0000000089a00000|100%|HC|  |TAMS 0x0000000089900000| PB 0x0000000089900000| Complete 
| 104|0x0000000089a00000, 0x0000000089b00000, 0x0000000089b00000|100%|HS|  |TAMS 0x0000000089a00000| PB 0x0000000089a00000| Complete 
| 105|0x0000000089b00000, 0x0000000089c00000, 0x0000000089c00000|100%|HS|  |TAMS 0x0000000089b00000| PB 0x0000000089b00000| Complete 
| 106|0x0000000089c00000, 0x0000000089d00000, 0x0000000089d00000|100%|HC|  |TAMS 0x0000000089c00000| PB 0x0000000089c00000| Complete 
| 107|0x0000000089d00000, 0x0000000089e00000, 0x0000000089e00000|100%|HS|  |TAMS 0x0000000089d00000| PB 0x0000000089d00000| Complete 
| 108|0x0000000089e00000, 0x0000000089f00000, 0x0000000089f00000|100%|HS|  |TAMS 0x0000000089e00000| PB 0x0000000089e00000| Complete 
| 109|0x0000000089f00000, 0x000000008a000000, 0x000000008a000000|100%|HC|  |TAMS 0x0000000089f00000| PB 0x0000000089f00000| Complete 
| 110|0x000000008a000000, 0x000000008a100000, 0x000000008a100000|100%|HS|  |TAMS 0x000000008a000000| PB 0x000000008a000000| Complete 
| 111|0x000000008a100000, 0x000000008a200000, 0x000000008a200000|100%| O|  |TAMS 0x000000008a100000| PB 0x000000008a100000| Untracked 
| 112|0x000000008a200000, 0x000000008a300000, 0x000000008a300000|100%|HS|  |TAMS 0x000000008a200000| PB 0x000000008a200000| Complete 
| 113|0x000000008a300000, 0x000000008a400000, 0x000000008a400000|100%|HC|  |TAMS 0x000000008a300000| PB 0x000000008a300000| Complete 
| 114|0x000000008a400000, 0x000000008a500000, 0x000000008a500000|100%|HS|  |TAMS 0x000000008a400000| PB 0x000000008a400000| Complete 
| 115|0x000000008a500000, 0x000000008a600000, 0x000000008a600000|100%|HS|  |TAMS 0x000000008a500000| PB 0x000000008a500000| Complete 
| 116|0x000000008a600000, 0x000000008a700000, 0x000000008a700000|100%|HC|  |TAMS 0x000000008a600000| PB 0x000000008a600000| Complete 
| 117|0x000000008a700000, 0x000000008a800000, 0x000000008a800000|100%|HS|  |TAMS 0x000000008a700000| PB 0x000000008a700000| Complete 
| 118|0x000000008a800000, 0x000000008a900000, 0x000000008a900000|100%|HC|  |TAMS 0x000000008a800000| PB 0x000000008a800000| Complete 
| 119|0x000000008a900000, 0x000000008aa00000, 0x000000008aa00000|100%|HS|  |TAMS 0x000000008a900000| PB 0x000000008a900000| Complete 
| 120|0x000000008aa00000, 0x000000008ab00000, 0x000000008ab00000|100%|HS|  |TAMS 0x000000008aa00000| PB 0x000000008aa00000| Complete 
| 121|0x000000008ab00000, 0x000000008ac00000, 0x000000008ac00000|100%|HC|  |TAMS 0x000000008ab00000| PB 0x000000008ab00000| Complete 
| 122|0x000000008ac00000, 0x000000008ad00000, 0x000000008ad00000|100%|HS|  |TAMS 0x000000008ac00000| PB 0x000000008ac00000| Complete 
| 123|0x000000008ad00000, 0x000000008ae00000, 0x000000008ae00000|100%|HS|  |TAMS 0x000000008ad00000| PB 0x000000008ad00000| Complete 
| 124|0x000000008ae00000, 0x000000008af00000, 0x000000008af00000|100%|HS|  |TAMS 0x000000008ae00000| PB 0x000000008ae00000| Complete 
| 125|0x000000008af00000, 0x000000008b000000, 0x000000008b000000|100%|HS|  |TAMS 0x000000008af00000| PB 0x000000008af00000| Complete 
| 126|0x000000008b000000, 0x000000008b100000, 0x000000008b100000|100%|HS|  |TAMS 0x000000008b000000| PB 0x000000008b000000| Complete 
| 127|0x000000008b100000, 0x000000008b200000, 0x000000008b200000|100%|HC|  |TAMS 0x000000008b100000| PB 0x000000008b100000| Complete 
| 128|0x000000008b200000, 0x000000008b300000, 0x000000008b300000|100%|HS|  |TAMS 0x000000008b200000| PB 0x000000008b200000| Complete 
| 129|0x000000008b300000, 0x000000008b400000, 0x000000008b400000|100%|HC|  |TAMS 0x000000008b300000| PB 0x000000008b300000| Complete 
| 130|0x000000008b400000, 0x000000008b500000, 0x000000008b500000|100%|HS|  |TAMS 0x000000008b400000| PB 0x000000008b400000| Complete 
| 131|0x000000008b500000, 0x000000008b600000, 0x000000008b600000|100%|HS|  |TAMS 0x000000008b500000| PB 0x000000008b500000| Complete 
| 132|0x000000008b600000, 0x000000008b700000, 0x000000008b700000|100%|HC|  |TAMS 0x000000008b600000| PB 0x000000008b600000| Complete 
| 133|0x000000008b700000, 0x000000008b800000, 0x000000008b800000|100%|HS|  |TAMS 0x000000008b700000| PB 0x000000008b700000| Complete 
| 134|0x000000008b800000, 0x000000008b900000, 0x000000008b900000|100%| O|  |TAMS 0x000000008b800000| PB 0x000000008b800000| Untracked 
| 135|0x000000008b900000, 0x000000008ba00000, 0x000000008ba00000|100%|HS|  |TAMS 0x000000008b900000| PB 0x000000008b900000| Complete 
| 136|0x000000008ba00000, 0x000000008bb00000, 0x000000008bb00000|100%|HC|  |TAMS 0x000000008ba00000| PB 0x000000008ba00000| Complete 
| 137|0x000000008bb00000, 0x000000008bc00000, 0x000000008bc00000|100%|HS|  |TAMS 0x000000008bb00000| PB 0x000000008bb00000| Complete 
| 138|0x000000008bc00000, 0x000000008bd00000, 0x000000008bd00000|100%|HC|  |TAMS 0x000000008bc00000| PB 0x000000008bc00000| Complete 
| 139|0x000000008bd00000, 0x000000008be00000, 0x000000008be00000|100%|HS|  |TAMS 0x000000008bd00000| PB 0x000000008bd00000| Complete 
| 140|0x000000008be00000, 0x000000008bf00000, 0x000000008bf00000|100%|HS|  |TAMS 0x000000008be00000| PB 0x000000008be00000| Complete 
| 141|0x000000008bf00000, 0x000000008c000000, 0x000000008c000000|100%|HC|  |TAMS 0x000000008bf00000| PB 0x000000008bf00000| Complete 
| 142|0x000000008c000000, 0x000000008c100000, 0x000000008c100000|100%|HS|  |TAMS 0x000000008c000000| PB 0x000000008c000000| Complete 
| 143|0x000000008c100000, 0x000000008c200000, 0x000000008c200000|100%|HS|  |TAMS 0x000000008c100000| PB 0x000000008c100000| Complete 
| 144|0x000000008c200000, 0x000000008c300000, 0x000000008c300000|100%|HC|  |TAMS 0x000000008c200000| PB 0x000000008c200000| Complete 
| 145|0x000000008c300000, 0x000000008c400000, 0x000000008c400000|100%|HS|  |TAMS 0x000000008c300000| PB 0x000000008c300000| Complete 
| 146|0x000000008c400000, 0x000000008c500000, 0x000000008c500000|100%|HS|  |TAMS 0x000000008c400000| PB 0x000000008c400000| Complete 
| 147|0x000000008c500000, 0x000000008c600000, 0x000000008c600000|100%|HC|  |TAMS 0x000000008c500000| PB 0x000000008c500000| Complete 
| 148|0x000000008c600000, 0x000000008c700000, 0x000000008c700000|100%|HS|  |TAMS 0x000000008c600000| PB 0x000000008c600000| Complete 
| 149|0x000000008c700000, 0x000000008c800000, 0x000000008c800000|100%|HS|  |TAMS 0x000000008c700000| PB 0x000000008c700000| Complete 
| 150|0x000000008c800000, 0x000000008c900000, 0x000000008c900000|100%|HC|  |TAMS 0x000000008c800000| PB 0x000000008c800000| Complete 
| 151|0x000000008c900000, 0x000000008ca00000, 0x000000008ca00000|100%|HS|  |TAMS 0x000000008c900000| PB 0x000000008c900000| Complete 
| 152|0x000000008ca00000, 0x000000008cb00000, 0x000000008cb00000|100%|HS|  |TAMS 0x000000008ca00000| PB 0x000000008ca00000| Complete 
| 153|0x000000008cb00000, 0x000000008cc00000, 0x000000008cc00000|100%|HC|  |TAMS 0x000000008cb00000| PB 0x000000008cb00000| Complete 
| 154|0x000000008cc00000, 0x000000008cd00000, 0x000000008cd00000|100%|HS|  |TAMS 0x000000008cc00000| PB 0x000000008cc00000| Complete 
| 155|0x000000008cd00000, 0x000000008ce00000, 0x000000008ce00000|100%|HS|  |TAMS 0x000000008cd00000| PB 0x000000008cd00000| Complete 
| 156|0x000000008ce00000, 0x000000008cf00000, 0x000000008cf00000|100%|HC|  |TAMS 0x000000008ce00000| PB 0x000000008ce00000| Complete 
| 157|0x000000008cf00000, 0x000000008d000000, 0x000000008d000000|100%|HS|  |TAMS 0x000000008cf00000| PB 0x000000008cf00000| Complete 
| 158|0x000000008d000000, 0x000000008d100000, 0x000000008d100000|100%|HS|  |TAMS 0x000000008d000000| PB 0x000000008d000000| Complete 
| 159|0x000000008d100000, 0x000000008d200000, 0x000000008d200000|100%|HC|  |TAMS 0x000000008d100000| PB 0x000000008d100000| Complete 
| 160|0x000000008d200000, 0x000000008d300000, 0x000000008d300000|100%|HS|  |TAMS 0x000000008d200000| PB 0x000000008d200000| Complete 
| 161|0x000000008d300000, 0x000000008d400000, 0x000000008d400000|100%|HS|  |TAMS 0x000000008d300000| PB 0x000000008d300000| Complete 
| 162|0x000000008d400000, 0x000000008d500000, 0x000000008d500000|100%|HC|  |TAMS 0x000000008d400000| PB 0x000000008d400000| Complete 
| 163|0x000000008d500000, 0x000000008d600000, 0x000000008d600000|100%|HS|  |TAMS 0x000000008d500000| PB 0x000000008d500000| Complete 
| 164|0x000000008d600000, 0x000000008d700000, 0x000000008d700000|100%|HS|  |TAMS 0x000000008d600000| PB 0x000000008d600000| Complete 
| 165|0x000000008d700000, 0x000000008d800000, 0x000000008d800000|100%|HC|  |TAMS 0x000000008d700000| PB 0x000000008d700000| Complete 
| 166|0x000000008d800000, 0x000000008d900000, 0x000000008d900000|100%|HS|  |TAMS 0x000000008d800000| PB 0x000000008d800000| Complete 
| 167|0x000000008d900000, 0x000000008da00000, 0x000000008da00000|100%|HS|  |TAMS 0x000000008d900000| PB 0x000000008d900000| Complete 
| 168|0x000000008da00000, 0x000000008db00000, 0x000000008db00000|100%|HC|  |TAMS 0x000000008da00000| PB 0x000000008da00000| Complete 
| 169|0x000000008db00000, 0x000000008dc00000, 0x000000008dc00000|100%|HS|  |TAMS 0x000000008db00000| PB 0x000000008db00000| Complete 
| 170|0x000000008dc00000, 0x000000008dd00000, 0x000000008dd00000|100%|HS|  |TAMS 0x000000008dc00000| PB 0x000000008dc00000| Complete 
| 171|0x000000008dd00000, 0x000000008de00000, 0x000000008de00000|100%|HC|  |TAMS 0x000000008dd00000| PB 0x000000008dd00000| Complete 
| 172|0x000000008de00000, 0x000000008df00000, 0x000000008df00000|100%|HS|  |TAMS 0x000000008de00000| PB 0x000000008de00000| Complete 
| 173|0x000000008df00000, 0x000000008e000000, 0x000000008e000000|100%|HS|  |TAMS 0x000000008df00000| PB 0x000000008df00000| Complete 
| 174|0x000000008e000000, 0x000000008e100000, 0x000000008e100000|100%|HC|  |TAMS 0x000000008e000000| PB 0x000000008e000000| Complete 
| 175|0x000000008e100000, 0x000000008e200000, 0x000000008e200000|100%|HS|  |TAMS 0x000000008e100000| PB 0x000000008e100000| Complete 
| 176|0x000000008e200000, 0x000000008e300000, 0x000000008e300000|100%|HS|  |TAMS 0x000000008e200000| PB 0x000000008e200000| Complete 
| 177|0x000000008e300000, 0x000000008e400000, 0x000000008e400000|100%|HC|  |TAMS 0x000000008e300000| PB 0x000000008e300000| Complete 
| 178|0x000000008e400000, 0x000000008e500000, 0x000000008e500000|100%|HS|  |TAMS 0x000000008e400000| PB 0x000000008e400000| Complete 
| 179|0x000000008e500000, 0x000000008e600000, 0x000000008e600000|100%|HS|  |TAMS 0x000000008e500000| PB 0x000000008e500000| Complete 
| 180|0x000000008e600000, 0x000000008e700000, 0x000000008e700000|100%|HC|  |TAMS 0x000000008e600000| PB 0x000000008e600000| Complete 
| 181|0x000000008e700000, 0x000000008e800000, 0x000000008e800000|100%|HS|  |TAMS 0x000000008e700000| PB 0x000000008e700000| Complete 
| 182|0x000000008e800000, 0x000000008e900000, 0x000000008e900000|100%|HS|  |TAMS 0x000000008e800000| PB 0x000000008e800000| Complete 
| 183|0x000000008e900000, 0x000000008ea00000, 0x000000008ea00000|100%|HC|  |TAMS 0x000000008e900000| PB 0x000000008e900000| Complete 
| 184|0x000000008ea00000, 0x000000008eb00000, 0x000000008eb00000|100%|HS|  |TAMS 0x000000008ea00000| PB 0x000000008ea00000| Complete 
| 185|0x000000008eb00000, 0x000000008ec00000, 0x000000008ec00000|100%|HS|  |TAMS 0x000000008eb00000| PB 0x000000008eb00000| Complete 
| 186|0x000000008ec00000, 0x000000008ed00000, 0x000000008ed00000|100%|HC|  |TAMS 0x000000008ec00000| PB 0x000000008ec00000| Complete 
| 187|0x000000008ed00000, 0x000000008ee00000, 0x000000008ee00000|100%|HS|  |TAMS 0x000000008ed00000| PB 0x000000008ed00000| Complete 
| 188|0x000000008ee00000, 0x000000008ef00000, 0x000000008ef00000|100%|HS|  |TAMS 0x000000008ee00000| PB 0x000000008ee00000| Complete 
| 189|0x000000008ef00000, 0x000000008f000000, 0x000000008f000000|100%|HC|  |TAMS 0x000000008ef00000| PB 0x000000008ef00000| Complete 
| 190|0x000000008f000000, 0x000000008f100000, 0x000000008f100000|100%|HS|  |TAMS 0x000000008f000000| PB 0x000000008f000000| Complete 
| 191|0x000000008f100000, 0x000000008f200000, 0x000000008f200000|100%|HS|  |TAMS 0x000000008f100000| PB 0x000000008f100000| Complete 
| 192|0x000000008f200000, 0x000000008f300000, 0x000000008f300000|100%|HC|  |TAMS 0x000000008f200000| PB 0x000000008f200000| Complete 
| 193|0x000000008f300000, 0x000000008f400000, 0x000000008f400000|100%|HS|  |TAMS 0x000000008f300000| PB 0x000000008f300000| Complete 
| 194|0x000000008f400000, 0x000000008f500000, 0x000000008f500000|100%|HS|  |TAMS 0x000000008f400000| PB 0x000000008f400000| Complete 
| 195|0x000000008f500000, 0x000000008f600000, 0x000000008f600000|100%|HC|  |TAMS 0x000000008f500000| PB 0x000000008f500000| Complete 
| 196|0x000000008f600000, 0x000000008f700000, 0x000000008f700000|100%|HS|  |TAMS 0x000000008f600000| PB 0x000000008f600000| Complete 
| 197|0x000000008f700000, 0x000000008f800000, 0x000000008f800000|100%|HS|  |TAMS 0x000000008f700000| PB 0x000000008f700000| Complete 
| 198|0x000000008f800000, 0x000000008f900000, 0x000000008f900000|100%|HC|  |TAMS 0x000000008f800000| PB 0x000000008f800000| Complete 
| 199|0x000000008f900000, 0x000000008fa00000, 0x000000008fa00000|100%|HS|  |TAMS 0x000000008f900000| PB 0x000000008f900000| Complete 
| 200|0x000000008fa00000, 0x000000008fb00000, 0x000000008fb00000|100%| O|  |TAMS 0x000000008fa00000| PB 0x000000008fa00000| Untracked 
| 201|0x000000008fb00000, 0x000000008fc00000, 0x000000008fc00000|100%| O|  |TAMS 0x000000008fb00000| PB 0x000000008fb00000| Untracked 
| 202|0x000000008fc00000, 0x000000008fd00000, 0x000000008fd00000|100%| O|  |TAMS 0x000000008fc00000| PB 0x000000008fc00000| Untracked 
| 203|0x000000008fd00000, 0x000000008fe00000, 0x000000008fe00000|100%| O|  |TAMS 0x000000008fd00000| PB 0x000000008fd00000| Untracked 
| 204|0x000000008fe00000, 0x000000008ff00000, 0x000000008ff00000|100%| O|  |TAMS 0x000000008fe00000| PB 0x000000008fe00000| Untracked 
| 205|0x000000008ff00000, 0x0000000090000000, 0x0000000090000000|100%|HS|  |TAMS 0x000000008ff00000| PB 0x000000008ff00000| Complete 
| 206|0x0000000090000000, 0x0000000090100000, 0x0000000090100000|100%|HC|  |TAMS 0x0000000090000000| PB 0x0000000090000000| Complete 
| 207|0x0000000090100000, 0x0000000090200000, 0x0000000090200000|100%|HS|  |TAMS 0x0000000090100000| PB 0x0000000090100000| Complete 
| 208|0x0000000090200000, 0x0000000090300000, 0x0000000090300000|100%|HS|  |TAMS 0x0000000090200000| PB 0x0000000090200000| Complete 
| 209|0x0000000090300000, 0x0000000090400000, 0x0000000090400000|100%|HC|  |TAMS 0x0000000090300000| PB 0x0000000090300000| Complete 
| 210|0x0000000090400000, 0x0000000090500000, 0x0000000090500000|100%|HS|  |TAMS 0x0000000090400000| PB 0x0000000090400000| Complete 
| 211|0x0000000090500000, 0x0000000090600000, 0x0000000090600000|100%|HS|  |TAMS 0x0000000090500000| PB 0x0000000090500000| Complete 
| 212|0x0000000090600000, 0x0000000090700000, 0x0000000090700000|100%|HS|  |TAMS 0x0000000090600000| PB 0x0000000090600000| Complete 
| 213|0x0000000090700000, 0x0000000090800000, 0x0000000090800000|100%|HC|  |TAMS 0x0000000090700000| PB 0x0000000090700000| Complete 
| 214|0x0000000090800000, 0x0000000090900000, 0x0000000090900000|100%|HS|  |TAMS 0x0000000090800000| PB 0x0000000090800000| Complete 
| 215|0x0000000090900000, 0x0000000090a00000, 0x0000000090a00000|100%|HS|  |TAMS 0x0000000090900000| PB 0x0000000090900000| Complete 
| 216|0x0000000090a00000, 0x0000000090b00000, 0x0000000090b00000|100%|HC|  |TAMS 0x0000000090a00000| PB 0x0000000090a00000| Complete 
| 217|0x0000000090b00000, 0x0000000090c00000, 0x0000000090c00000|100%|HS|  |TAMS 0x0000000090b00000| PB 0x0000000090b00000| Complete 
| 218|0x0000000090c00000, 0x0000000090d00000, 0x0000000090d00000|100%|HS|  |TAMS 0x0000000090c00000| PB 0x0000000090c00000| Complete 
| 219|0x0000000090d00000, 0x0000000090e00000, 0x0000000090e00000|100%|HC|  |TAMS 0x0000000090d00000| PB 0x0000000090d00000| Complete 
| 220|0x0000000090e00000, 0x0000000090f00000, 0x0000000090f00000|100%|HS|  |TAMS 0x0000000090e00000| PB 0x0000000090e00000| Complete 
| 221|0x0000000090f00000, 0x0000000091000000, 0x0000000091000000|100%|HS|  |TAMS 0x0000000090f00000| PB 0x0000000090f00000| Complete 
| 222|0x0000000091000000, 0x0000000091100000, 0x0000000091100000|100%|HS|  |TAMS 0x0000000091000000| PB 0x0000000091000000| Complete 
| 223|0x0000000091100000, 0x0000000091200000, 0x0000000091200000|100%|HC|  |TAMS 0x0000000091100000| PB 0x0000000091100000| Complete 
| 224|0x0000000091200000, 0x0000000091300000, 0x0000000091300000|100%|HS|  |TAMS 0x0000000091200000| PB 0x0000000091200000| Complete 
| 225|0x0000000091300000, 0x0000000091400000, 0x0000000091400000|100%|HS|  |TAMS 0x0000000091300000| PB 0x0000000091300000| Complete 
| 226|0x0000000091400000, 0x0000000091500000, 0x0000000091500000|100%|HC|  |TAMS 0x0000000091400000| PB 0x0000000091400000| Complete 
| 227|0x0000000091500000, 0x0000000091600000, 0x0000000091600000|100%|HS|  |TAMS 0x0000000091500000| PB 0x0000000091500000| Complete 
| 228|0x0000000091600000, 0x0000000091700000, 0x0000000091700000|100%|HS|  |TAMS 0x0000000091600000| PB 0x0000000091600000| Complete 
| 229|0x0000000091700000, 0x0000000091800000, 0x0000000091800000|100%|HC|  |TAMS 0x0000000091700000| PB 0x0000000091700000| Complete 
| 230|0x0000000091800000, 0x0000000091900000, 0x0000000091900000|100%|HS|  |TAMS 0x0000000091800000| PB 0x0000000091800000| Complete 
| 231|0x0000000091900000, 0x0000000091a00000, 0x0000000091a00000|100%|HS|  |TAMS 0x0000000091900000| PB 0x0000000091900000| Complete 
| 232|0x0000000091a00000, 0x0000000091b00000, 0x0000000091b00000|100%|HC|  |TAMS 0x0000000091a00000| PB 0x0000000091a00000| Complete 
| 233|0x0000000091b00000, 0x0000000091c00000, 0x0000000091c00000|100%|HS|  |TAMS 0x0000000091b00000| PB 0x0000000091b00000| Complete 
| 234|0x0000000091c00000, 0x0000000091d00000, 0x0000000091d00000|100%|HS|  |TAMS 0x0000000091c00000| PB 0x0000000091c00000| Complete 
| 235|0x0000000091d00000, 0x0000000091e00000, 0x0000000091e00000|100%|HC|  |TAMS 0x0000000091d00000| PB 0x0000000091d00000| Complete 
| 236|0x0000000091e00000, 0x0000000091f00000, 0x0000000091f00000|100%|HS|  |TAMS 0x0000000091e00000| PB 0x0000000091e00000| Complete 
| 237|0x0000000091f00000, 0x0000000092000000, 0x0000000092000000|100%|HS|  |TAMS 0x0000000091f00000| PB 0x0000000091f00000| Complete 
| 238|0x0000000092000000, 0x0000000092100000, 0x0000000092100000|100%|HC|  |TAMS 0x0000000092000000| PB 0x0000000092000000| Complete 
| 239|0x0000000092100000, 0x0000000092200000, 0x0000000092200000|100%|HS|  |TAMS 0x0000000092100000| PB 0x0000000092100000| Complete 
| 240|0x0000000092200000, 0x0000000092300000, 0x0000000092300000|100%|HS|  |TAMS 0x0000000092200000| PB 0x0000000092200000| Complete 
| 241|0x0000000092300000, 0x0000000092400000, 0x0000000092400000|100%|HC|  |TAMS 0x0000000092300000| PB 0x0000000092300000| Complete 
| 242|0x0000000092400000, 0x0000000092500000, 0x0000000092500000|100%|HS|  |TAMS 0x0000000092400000| PB 0x0000000092400000| Complete 
| 243|0x0000000092500000, 0x0000000092600000, 0x0000000092600000|100%|HS|  |TAMS 0x0000000092500000| PB 0x0000000092500000| Complete 
| 244|0x0000000092600000, 0x0000000092700000, 0x0000000092700000|100%|HC|  |TAMS 0x0000000092600000| PB 0x0000000092600000| Complete 
| 245|0x0000000092700000, 0x0000000092800000, 0x0000000092800000|100%|HS|  |TAMS 0x0000000092700000| PB 0x0000000092700000| Complete 
| 246|0x0000000092800000, 0x0000000092900000, 0x0000000092900000|100%|HS|  |TAMS 0x0000000092800000| PB 0x0000000092800000| Complete 
| 247|0x0000000092900000, 0x0000000092a00000, 0x0000000092a00000|100%|HC|  |TAMS 0x0000000092900000| PB 0x0000000092900000| Complete 
| 248|0x0000000092a00000, 0x0000000092b00000, 0x0000000092b00000|100%|HS|  |TAMS 0x0000000092a00000| PB 0x0000000092a00000| Complete 
| 249|0x0000000092b00000, 0x0000000092c00000, 0x0000000092c00000|100%|HS|  |TAMS 0x0000000092b00000| PB 0x0000000092b00000| Complete 
| 250|0x0000000092c00000, 0x0000000092d00000, 0x0000000092d00000|100%|HC|  |TAMS 0x0000000092c00000| PB 0x0000000092c00000| Complete 
| 251|0x0000000092d00000, 0x0000000092e00000, 0x0000000092e00000|100%|HS|  |TAMS 0x0000000092d00000| PB 0x0000000092d00000| Complete 
| 252|0x0000000092e00000, 0x0000000092f00000, 0x0000000092f00000|100%|HS|  |TAMS 0x0000000092e00000| PB 0x0000000092e00000| Complete 
| 253|0x0000000092f00000, 0x0000000093000000, 0x0000000093000000|100%|HC|  |TAMS 0x0000000092f00000| PB 0x0000000092f00000| Complete 
| 254|0x0000000093000000, 0x0000000093100000, 0x0000000093100000|100%|HS|  |TAMS 0x0000000093000000| PB 0x0000000093000000| Complete 
| 255|0x0000000093100000, 0x0000000093200000, 0x0000000093200000|100%|HS|  |TAMS 0x0000000093100000| PB 0x0000000093100000| Complete 
| 256|0x0000000093200000, 0x0000000093300000, 0x0000000093300000|100%|HC|  |TAMS 0x0000000093200000| PB 0x0000000093200000| Complete 
| 257|0x0000000093300000, 0x0000000093400000, 0x0000000093400000|100%|HS|  |TAMS 0x0000000093300000| PB 0x0000000093300000| Complete 
| 258|0x0000000093400000, 0x0000000093500000, 0x0000000093500000|100%|HS|  |TAMS 0x0000000093400000| PB 0x0000000093400000| Complete 
| 259|0x0000000093500000, 0x0000000093600000, 0x0000000093600000|100%|HC|  |TAMS 0x0000000093500000| PB 0x0000000093500000| Complete 
| 260|0x0000000093600000, 0x0000000093700000, 0x0000000093700000|100%|HS|  |TAMS 0x0000000093600000| PB 0x0000000093600000| Complete 
| 261|0x0000000093700000, 0x0000000093800000, 0x0000000093800000|100%|HS|  |TAMS 0x0000000093700000| PB 0x0000000093700000| Complete 
| 262|0x0000000093800000, 0x0000000093900000, 0x0000000093900000|100%|HC|  |TAMS 0x0000000093800000| PB 0x0000000093800000| Complete 
| 263|0x0000000093900000, 0x0000000093a00000, 0x0000000093a00000|100%|HS|  |TAMS 0x0000000093900000| PB 0x0000000093900000| Complete 
| 264|0x0000000093a00000, 0x0000000093b00000, 0x0000000093b00000|100%|HS|  |TAMS 0x0000000093a00000| PB 0x0000000093a00000| Complete 
| 265|0x0000000093b00000, 0x0000000093c00000, 0x0000000093c00000|100%|HC|  |TAMS 0x0000000093b00000| PB 0x0000000093b00000| Complete 
| 266|0x0000000093c00000, 0x0000000093d00000, 0x0000000093d00000|100%|HS|  |TAMS 0x0000000093c00000| PB 0x0000000093c00000| Complete 
| 267|0x0000000093d00000, 0x0000000093e00000, 0x0000000093e00000|100%|HS|  |TAMS 0x0000000093d00000| PB 0x0000000093d00000| Complete 
| 268|0x0000000093e00000, 0x0000000093f00000, 0x0000000093f00000|100%|HC|  |TAMS 0x0000000093e00000| PB 0x0000000093e00000| Complete 
| 269|0x0000000093f00000, 0x0000000094000000, 0x0000000094000000|100%|HS|  |TAMS 0x0000000093f00000| PB 0x0000000093f00000| Complete 
| 270|0x0000000094000000, 0x0000000094100000, 0x0000000094100000|100%|HS|  |TAMS 0x0000000094000000| PB 0x0000000094000000| Complete 
| 271|0x0000000094100000, 0x0000000094200000, 0x0000000094200000|100%|HC|  |TAMS 0x0000000094100000| PB 0x0000000094100000| Complete 
| 272|0x0000000094200000, 0x0000000094300000, 0x0000000094300000|100%|HS|  |TAMS 0x0000000094200000| PB 0x0000000094200000| Complete 
| 273|0x0000000094300000, 0x0000000094400000, 0x0000000094400000|100%|HS|  |TAMS 0x0000000094300000| PB 0x0000000094300000| Complete 
| 274|0x0000000094400000, 0x0000000094500000, 0x0000000094500000|100%|HC|  |TAMS 0x0000000094400000| PB 0x0000000094400000| Complete 
| 275|0x0000000094500000, 0x0000000094600000, 0x0000000094600000|100%|HS|  |TAMS 0x0000000094500000| PB 0x0000000094500000| Complete 
| 276|0x0000000094600000, 0x0000000094700000, 0x0000000094700000|100%|HS|  |TAMS 0x0000000094600000| PB 0x0000000094600000| Complete 
| 277|0x0000000094700000, 0x0000000094800000, 0x0000000094800000|100%|HC|  |TAMS 0x0000000094700000| PB 0x0000000094700000| Complete 
| 278|0x0000000094800000, 0x0000000094900000, 0x0000000094900000|100%|HS|  |TAMS 0x0000000094800000| PB 0x0000000094800000| Complete 
| 279|0x0000000094900000, 0x0000000094a00000, 0x0000000094a00000|100%|HS|  |TAMS 0x0000000094900000| PB 0x0000000094900000| Complete 
| 280|0x0000000094a00000, 0x0000000094b00000, 0x0000000094b00000|100%|HC|  |TAMS 0x0000000094a00000| PB 0x0000000094a00000| Complete 
| 281|0x0000000094b00000, 0x0000000094c00000, 0x0000000094c00000|100%|HS|  |TAMS 0x0000000094b00000| PB 0x0000000094b00000| Complete 
| 282|0x0000000094c00000, 0x0000000094d00000, 0x0000000094d00000|100%| O|  |TAMS 0x0000000094c00000| PB 0x0000000094c00000| Untracked 
| 283|0x0000000094d00000, 0x0000000094e00000, 0x0000000094e00000|100%| O|  |TAMS 0x0000000094d00000| PB 0x0000000094d00000| Untracked 
| 284|0x0000000094e00000, 0x0000000094f00000, 0x0000000094f00000|100%| O|  |TAMS 0x0000000094e00000| PB 0x0000000094e00000| Untracked 
| 285|0x0000000094f00000, 0x0000000094f37d60, 0x0000000095000000| 21%| O|  |TAMS 0x0000000094f00000| PB 0x0000000094f00000| Untracked 
| 286|0x0000000095000000, 0x0000000095100000, 0x0000000095100000|100%|HS|  |TAMS 0x0000000095000000| PB 0x0000000095000000| Complete 
| 287|0x0000000095100000, 0x0000000095200000, 0x0000000095200000|100%|HC|  |TAMS 0x0000000095100000| PB 0x0000000095100000| Complete 
| 288|0x0000000095200000, 0x0000000095300000, 0x0000000095300000|100%|HS|  |TAMS 0x0000000095200000| PB 0x0000000095200000| Complete 
| 289|0x0000000095300000, 0x0000000095400000, 0x0000000095400000|100%|HC|  |TAMS 0x0000000095300000| PB 0x0000000095300000| Complete 
| 290|0x0000000095400000, 0x0000000095500000, 0x0000000095500000|100%|HS|  |TAMS 0x0000000095400000| PB 0x0000000095400000| Complete 
| 291|0x0000000095500000, 0x0000000095600000, 0x0000000095600000|100%|HC|  |TAMS 0x0000000095500000| PB 0x0000000095500000| Complete 
| 292|0x0000000095600000, 0x0000000095700000, 0x0000000095700000|100%|HS|  |TAMS 0x0000000095600000| PB 0x0000000095600000| Complete 
| 293|0x0000000095700000, 0x0000000095800000, 0x0000000095800000|100%|HS|  |TAMS 0x0000000095700000| PB 0x0000000095700000| Complete 
| 294|0x0000000095800000, 0x0000000095900000, 0x0000000095900000|100%|HC|  |TAMS 0x0000000095800000| PB 0x0000000095800000| Complete 
| 295|0x0000000095900000, 0x0000000095a00000, 0x0000000095a00000|100%|HS|  |TAMS 0x0000000095900000| PB 0x0000000095900000| Complete 
| 296|0x0000000095a00000, 0x0000000095b00000, 0x0000000095b00000|100%|HS|  |TAMS 0x0000000095a00000| PB 0x0000000095a00000| Complete 
| 297|0x0000000095b00000, 0x0000000095c00000, 0x0000000095c00000|100%|HC|  |TAMS 0x0000000095b00000| PB 0x0000000095b00000| Complete 
| 298|0x0000000095c00000, 0x0000000095d00000, 0x0000000095d00000|100%|HS|  |TAMS 0x0000000095c00000| PB 0x0000000095c00000| Complete 
| 299|0x0000000095d00000, 0x0000000095e00000, 0x0000000095e00000|100%|HS|  |TAMS 0x0000000095d00000| PB 0x0000000095d00000| Complete 
| 300|0x0000000095e00000, 0x0000000095f00000, 0x0000000095f00000|100%|HC|  |TAMS 0x0000000095e00000| PB 0x0000000095e00000| Complete 
| 301|0x0000000095f00000, 0x0000000096000000, 0x0000000096000000|100%|HS|  |TAMS 0x0000000095f00000| PB 0x0000000095f00000| Complete 
| 302|0x0000000096000000, 0x0000000096100000, 0x0000000096100000|100%|HS|  |TAMS 0x0000000096000000| PB 0x0000000096000000| Complete 
| 303|0x0000000096100000, 0x0000000096200000, 0x0000000096200000|100%|HC|  |TAMS 0x0000000096100000| PB 0x0000000096100000| Complete 
| 304|0x0000000096200000, 0x0000000096300000, 0x0000000096300000|100%|HS|  |TAMS 0x0000000096200000| PB 0x0000000096200000| Complete 
| 305|0x0000000096300000, 0x0000000096400000, 0x0000000096400000|100%|HS|  |TAMS 0x0000000096300000| PB 0x0000000096300000| Complete 
| 306|0x0000000096400000, 0x0000000096500000, 0x0000000096500000|100%|HC|  |TAMS 0x0000000096400000| PB 0x0000000096400000| Complete 
| 307|0x0000000096500000, 0x0000000096600000, 0x0000000096600000|100%|HS|  |TAMS 0x0000000096500000| PB 0x0000000096500000| Complete 
| 308|0x0000000096600000, 0x0000000096700000, 0x0000000096700000|100%|HS|  |TAMS 0x0000000096600000| PB 0x0000000096600000| Complete 
| 309|0x0000000096700000, 0x0000000096800000, 0x0000000096800000|100%|HC|  |TAMS 0x0000000096700000| PB 0x0000000096700000| Complete 
| 310|0x0000000096800000, 0x0000000096900000, 0x0000000096900000|100%|HS|  |TAMS 0x0000000096800000| PB 0x0000000096800000| Complete 
| 311|0x0000000096900000, 0x0000000096a00000, 0x0000000096a00000|100%|HS|  |TAMS 0x0000000096900000| PB 0x0000000096900000| Complete 
| 312|0x0000000096a00000, 0x0000000096b00000, 0x0000000096b00000|100%|HC|  |TAMS 0x0000000096a00000| PB 0x0000000096a00000| Complete 
| 313|0x0000000096b00000, 0x0000000096c00000, 0x0000000096c00000|100%|HS|  |TAMS 0x0000000096b00000| PB 0x0000000096b00000| Complete 
| 314|0x0000000096c00000, 0x0000000096d00000, 0x0000000096d00000|100%|HS|  |TAMS 0x0000000096c00000| PB 0x0000000096c00000| Complete 
| 315|0x0000000096d00000, 0x0000000096e00000, 0x0000000096e00000|100%|HC|  |TAMS 0x0000000096d00000| PB 0x0000000096d00000| Complete 
| 316|0x0000000096e00000, 0x0000000096f00000, 0x0000000096f00000|100%|HS|  |TAMS 0x0000000096e00000| PB 0x0000000096e00000| Complete 
| 317|0x0000000096f00000, 0x0000000097000000, 0x0000000097000000|100%|HS|  |TAMS 0x0000000096f00000| PB 0x0000000096f00000| Complete 
| 318|0x0000000097000000, 0x0000000097100000, 0x0000000097100000|100%|HC|  |TAMS 0x0000000097000000| PB 0x0000000097000000| Complete 
| 319|0x0000000097100000, 0x0000000097200000, 0x0000000097200000|100%|HS|  |TAMS 0x0000000097100000| PB 0x0000000097100000| Complete 
| 320|0x0000000097200000, 0x0000000097300000, 0x0000000097300000|100%|HS|  |TAMS 0x0000000097200000| PB 0x0000000097200000| Complete 
| 321|0x0000000097300000, 0x0000000097400000, 0x0000000097400000|100%|HC|  |TAMS 0x0000000097300000| PB 0x0000000097300000| Complete 
| 322|0x0000000097400000, 0x0000000097500000, 0x0000000097500000|100%|HS|  |TAMS 0x0000000097400000| PB 0x0000000097400000| Complete 
| 323|0x0000000097500000, 0x0000000097600000, 0x0000000097600000|100%|HS|  |TAMS 0x0000000097500000| PB 0x0000000097500000| Complete 
| 324|0x0000000097600000, 0x0000000097700000, 0x0000000097700000|100%|HC|  |TAMS 0x0000000097600000| PB 0x0000000097600000| Complete 
| 325|0x0000000097700000, 0x0000000097800000, 0x0000000097800000|100%|HS|  |TAMS 0x0000000097700000| PB 0x0000000097700000| Complete 
| 326|0x0000000097800000, 0x0000000097900000, 0x0000000097900000|100%|HS|  |TAMS 0x0000000097800000| PB 0x0000000097800000| Complete 
| 327|0x0000000097900000, 0x0000000097a00000, 0x0000000097a00000|100%|HC|  |TAMS 0x0000000097900000| PB 0x0000000097900000| Complete 
| 328|0x0000000097a00000, 0x0000000097b00000, 0x0000000097b00000|100%|HS|  |TAMS 0x0000000097a00000| PB 0x0000000097a00000| Complete 
| 329|0x0000000097b00000, 0x0000000097c00000, 0x0000000097c00000|100%|HS|  |TAMS 0x0000000097b00000| PB 0x0000000097b00000| Complete 
| 330|0x0000000097c00000, 0x0000000097d00000, 0x0000000097d00000|100%|HC|  |TAMS 0x0000000097c00000| PB 0x0000000097c00000| Complete 
| 331|0x0000000097d00000, 0x0000000097e00000, 0x0000000097e00000|100%|HS|  |TAMS 0x0000000097d00000| PB 0x0000000097d00000| Complete 
| 332|0x0000000097e00000, 0x0000000097f00000, 0x0000000097f00000|100%|HS|  |TAMS 0x0000000097e00000| PB 0x0000000097e00000| Complete 
| 333|0x0000000097f00000, 0x0000000098000000, 0x0000000098000000|100%|HC|  |TAMS 0x0000000097f00000| PB 0x0000000097f00000| Complete 
| 334|0x0000000098000000, 0x0000000098100000, 0x0000000098100000|100%|HS|  |TAMS 0x0000000098000000| PB 0x0000000098000000| Complete 
| 335|0x0000000098100000, 0x0000000098100000, 0x0000000098200000|  0%| F|  |TAMS 0x0000000098100000| PB 0x0000000098100000| Untracked 
| 336|0x0000000098200000, 0x0000000098200000, 0x0000000098300000|  0%| F|  |TAMS 0x0000000098200000| PB 0x0000000098200000| Untracked 
| 337|0x0000000098300000, 0x0000000098300000, 0x0000000098400000|  0%| F|  |TAMS 0x0000000098300000| PB 0x0000000098300000| Untracked 
| 338|0x0000000098400000, 0x0000000098400000, 0x0000000098500000|  0%| F|  |TAMS 0x0000000098400000| PB 0x0000000098400000| Untracked 
| 339|0x0000000098500000, 0x0000000098500000, 0x0000000098600000|  0%| F|  |TAMS 0x0000000098500000| PB 0x0000000098500000| Untracked 
| 340|0x0000000098600000, 0x0000000098600000, 0x0000000098700000|  0%| F|  |TAMS 0x0000000098600000| PB 0x0000000098600000| Untracked 
| 341|0x0000000098700000, 0x0000000098700000, 0x0000000098800000|  0%| F|  |TAMS 0x0000000098700000| PB 0x0000000098700000| Untracked 
| 342|0x0000000098800000, 0x0000000098800000, 0x0000000098900000|  0%| F|  |TAMS 0x0000000098800000| PB 0x0000000098800000| Untracked 
| 343|0x0000000098900000, 0x0000000098900000, 0x0000000098a00000|  0%| F|  |TAMS 0x0000000098900000| PB 0x0000000098900000| Untracked 
| 344|0x0000000098a00000, 0x0000000098a00000, 0x0000000098b00000|  0%| F|  |TAMS 0x0000000098a00000| PB 0x0000000098a00000| Untracked 
| 345|0x0000000098b00000, 0x0000000098b00000, 0x0000000098c00000|  0%| F|  |TAMS 0x0000000098b00000| PB 0x0000000098b00000| Untracked 
| 346|0x0000000098c00000, 0x0000000098c00000, 0x0000000098d00000|  0%| F|  |TAMS 0x0000000098c00000| PB 0x0000000098c00000| Untracked 
| 347|0x0000000098d00000, 0x0000000098d00000, 0x0000000098e00000|  0%| F|  |TAMS 0x0000000098d00000| PB 0x0000000098d00000| Untracked 
| 348|0x0000000098e00000, 0x0000000098e00000, 0x0000000098f00000|  0%| F|  |TAMS 0x0000000098e00000| PB 0x0000000098e00000| Untracked 
| 349|0x0000000098f00000, 0x0000000098f00000, 0x0000000099000000|  0%| F|  |TAMS 0x0000000098f00000| PB 0x0000000098f00000| Untracked 
| 350|0x0000000099000000, 0x0000000099000000, 0x0000000099100000|  0%| F|  |TAMS 0x0000000099000000| PB 0x0000000099000000| Untracked 
| 351|0x0000000099100000, 0x0000000099100000, 0x0000000099200000|  0%| F|  |TAMS 0x0000000099100000| PB 0x0000000099100000| Untracked 
| 352|0x0000000099200000, 0x0000000099200000, 0x0000000099300000|  0%| F|  |TAMS 0x0000000099200000| PB 0x0000000099200000| Untracked 
| 353|0x0000000099300000, 0x0000000099300000, 0x0000000099400000|  0%| F|  |TAMS 0x0000000099300000| PB 0x0000000099300000| Untracked 
| 354|0x0000000099400000, 0x0000000099400000, 0x0000000099500000|  0%| F|  |TAMS 0x0000000099400000| PB 0x0000000099400000| Untracked 
| 355|0x0000000099500000, 0x0000000099500000, 0x0000000099600000|  0%| F|  |TAMS 0x0000000099500000| PB 0x0000000099500000| Untracked 
| 356|0x0000000099600000, 0x0000000099600000, 0x0000000099700000|  0%| F|  |TAMS 0x0000000099600000| PB 0x0000000099600000| Untracked 
| 357|0x0000000099700000, 0x0000000099700000, 0x0000000099800000|  0%| F|  |TAMS 0x0000000099700000| PB 0x0000000099700000| Untracked 
| 358|0x0000000099800000, 0x0000000099800000, 0x0000000099900000|  0%| F|  |TAMS 0x0000000099800000| PB 0x0000000099800000| Untracked 
| 359|0x0000000099900000, 0x0000000099900000, 0x0000000099a00000|  0%| F|  |TAMS 0x0000000099900000| PB 0x0000000099900000| Untracked 
| 360|0x0000000099a00000, 0x0000000099a00000, 0x0000000099b00000|  0%| F|  |TAMS 0x0000000099a00000| PB 0x0000000099a00000| Untracked 
| 361|0x0000000099b00000, 0x0000000099b00000, 0x0000000099c00000|  0%| F|  |TAMS 0x0000000099b00000| PB 0x0000000099b00000| Untracked 
| 362|0x0000000099c00000, 0x0000000099cedd80, 0x0000000099d00000| 92%| E|  |TAMS 0x0000000099c00000| PB 0x0000000099c00000| Complete 
| 363|0x0000000099d00000, 0x0000000099e00000, 0x0000000099e00000|100%| E|CS|TAMS 0x0000000099d00000| PB 0x0000000099d00000| Complete 
| 364|0x0000000099e00000, 0x0000000099f00000, 0x0000000099f00000|100%| E|CS|TAMS 0x0000000099e00000| PB 0x0000000099e00000| Complete 
| 365|0x0000000099f00000, 0x000000009a000000, 0x000000009a000000|100%| S|CS|TAMS 0x0000000099f00000| PB 0x0000000099f00000| Complete 
| 366|0x000000009a000000, 0x000000009a100000, 0x000000009a100000|100%| S|CS|TAMS 0x000000009a000000| PB 0x000000009a000000| Complete 
| 367|0x000000009a100000, 0x000000009a200000, 0x000000009a200000|100%| E|CS|TAMS 0x000000009a100000| PB 0x000000009a100000| Complete 
| 368|0x000000009a200000, 0x000000009a300000, 0x000000009a300000|100%| E|CS|TAMS 0x000000009a200000| PB 0x000000009a200000| Complete 
| 369|0x000000009a300000, 0x000000009a400000, 0x000000009a400000|100%| E|CS|TAMS 0x000000009a300000| PB 0x000000009a300000| Complete 
| 370|0x000000009a400000, 0x000000009a500000, 0x000000009a500000|100%| E|CS|TAMS 0x000000009a400000| PB 0x000000009a400000| Complete 
| 371|0x000000009a500000, 0x000000009a600000, 0x000000009a600000|100%| E|CS|TAMS 0x000000009a500000| PB 0x000000009a500000| Complete 
| 372|0x000000009a600000, 0x000000009a700000, 0x000000009a700000|100%| E|CS|TAMS 0x000000009a600000| PB 0x000000009a600000| Complete 
| 373|0x000000009a700000, 0x000000009a800000, 0x000000009a800000|100%| E|CS|TAMS 0x000000009a700000| PB 0x000000009a700000| Complete 
| 374|0x000000009a800000, 0x000000009a900000, 0x000000009a900000|100%| E|CS|TAMS 0x000000009a800000| PB 0x000000009a800000| Complete 
| 375|0x000000009a900000, 0x000000009aa00000, 0x000000009aa00000|100%| E|CS|TAMS 0x000000009a900000| PB 0x000000009a900000| Complete 
| 376|0x000000009aa00000, 0x000000009ab00000, 0x000000009ab00000|100%| E|CS|TAMS 0x000000009aa00000| PB 0x000000009aa00000| Complete 
|1978|0x00000000fec00000, 0x00000000fed00000, 0x00000000fed00000|100%| O|Cm|TAMS 0x00000000fec00000| PB 0x00000000fec00000| Complete 
|1979|0x00000000fed00000, 0x00000000fee00000, 0x00000000fee00000|100%| O|  |TAMS 0x00000000fed00000| PB 0x00000000fed00000| Untracked 
|1980|0x00000000fee00000, 0x00000000fef00000, 0x00000000fef00000|100%| O|  |TAMS 0x00000000fee00000| PB 0x00000000fee00000| Untracked 
|1981|0x00000000fef00000, 0x00000000ff000000, 0x00000000ff000000|100%| O|  |TAMS 0x00000000fef00000| PB 0x00000000fef00000| Untracked 
|1982|0x00000000ff000000, 0x00000000ff100000, 0x00000000ff100000|100%| O|  |TAMS 0x00000000ff000000| PB 0x00000000ff000000| Untracked 
|1983|0x00000000ff100000, 0x00000000ff200000, 0x00000000ff200000|100%| O|  |TAMS 0x00000000ff100000| PB 0x00000000ff100000| Untracked 
|1984|0x00000000ff200000, 0x00000000ff300000, 0x00000000ff300000|100%| E|CS|TAMS 0x00000000ff200000| PB 0x00000000ff200000| Complete 
|1985|0x00000000ff300000, 0x00000000ff400000, 0x00000000ff400000|100%| O|  |TAMS 0x00000000ff300000| PB 0x00000000ff300000| Untracked 
|1986|0x00000000ff400000, 0x00000000ff500000, 0x00000000ff500000|100%| O|  |TAMS 0x00000000ff400000| PB 0x00000000ff400000| Untracked 
|1987|0x00000000ff500000, 0x00000000ff600000, 0x00000000ff600000|100%| O|  |TAMS 0x00000000ff500000| PB 0x00000000ff500000| Untracked 
|1988|0x00000000ff600000, 0x00000000ff700000, 0x00000000ff700000|100%| O|  |TAMS 0x00000000ff600000| PB 0x00000000ff600000| Untracked 
|1989|0x00000000ff700000, 0x00000000ff800000, 0x00000000ff800000|100%| O|  |TAMS 0x00000000ff700000| PB 0x00000000ff700000| Untracked 
|1990|0x00000000ff800000, 0x00000000ff900000, 0x00000000ff900000|100%| O|  |TAMS 0x00000000ff800000| PB 0x00000000ff800000| Untracked 
|1991|0x00000000ff900000, 0x00000000ffa00000, 0x00000000ffa00000|100%| O|  |TAMS 0x00000000ff900000| PB 0x00000000ff900000| Untracked 
|1992|0x00000000ffa00000, 0x00000000ffb00000, 0x00000000ffb00000|100%| O|  |TAMS 0x00000000ffa00000| PB 0x00000000ffa00000| Untracked 
|1993|0x00000000ffb00000, 0x00000000ffc00000, 0x00000000ffc00000|100%| O|  |TAMS 0x00000000ffb00000| PB 0x00000000ffb00000| Untracked 
|1994|0x00000000ffc00000, 0x00000000ffd00000, 0x00000000ffd00000|100%| O|  |TAMS 0x00000000ffc00000| PB 0x00000000ffc00000| Untracked 
|1995|0x00000000ffd00000, 0x00000000ffe00000, 0x00000000ffe00000|100%| O|  |TAMS 0x00000000ffd00000| PB 0x00000000ffd00000| Untracked 
|1996|0x00000000ffe00000, 0x00000000fff00000, 0x00000000fff00000|100%| O|  |TAMS 0x00000000ffe00000| PB 0x00000000ffe00000| Untracked 
|1997|0x00000000fff00000, 0x0000000100000000, 0x0000000100000000|100%| O|  |TAMS 0x00000000fff00000| PB 0x00000000fff00000| Untracked 

Card table byte_map: [0x00000264a1540000,0x00000264a1930000] _byte_map_base: 0x00000264a1127000

Marking Bits: (CMBitMap*) 0x00000264899efe10
 Bits: [0x00000264a1930000, 0x00000264a3868000)

Polling page: 0x0000026489160000

Metaspace:

Usage:
  Non-class:     20.38 MB used.
      Class:      3.40 MB used.
       Both:     23.78 MB used.

Virtual space:
  Non-class space:       64.00 MB reserved,      20.56 MB ( 32%) committed,  1 nodes.
      Class space:        1.00 GB reserved,       3.62 MB ( <1%) committed,  1 nodes.
             Both:        1.06 GB reserved,      24.19 MB (  2%) committed. 

Chunk freelists:
   Non-Class:  11.14 MB
       Class:  12.23 MB
        Both:  23.38 MB

MaxMetaspaceSize: unlimited
CompressedClassSpaceSize: 1.00 GB
Initial GC threshold: 21.00 MB
Current GC threshold: 39.38 MB
CDS: on
 - commit_granule_bytes: 65536.
 - commit_granule_words: 8192.
 - virtual_space_node_default_size: 8388608.
 - enlarge_chunks_in_place: 1.
 - use_allocation_guard: 0.


Internal statistics:

num_allocs_failed_limit: 3.
num_arena_births: 468.
num_arena_deaths: 0.
num_vsnodes_births: 2.
num_vsnodes_deaths: 0.
num_space_committed: 387.
num_space_uncommitted: 0.
num_chunks_returned_to_freelist: 3.
num_chunks_taken_from_freelist: 1250.
num_chunk_merges: 3.
num_chunk_splits: 860.
num_chunks_enlarged: 622.
num_inconsistent_stats: 0.

CodeHeap 'non-profiled nmethods': size=120000Kb used=3402Kb max_used=3402Kb free=116597Kb
 bounds [0x00000264998f0000, 0x0000026499c50000, 0x00000264a0e20000]
CodeHeap 'profiled nmethods': size=120000Kb used=11747Kb max_used=11747Kb free=108252Kb
 bounds [0x0000026491e20000, 0x00000264929a0000, 0x0000026499350000]
CodeHeap 'non-nmethods': size=5760Kb used=2128Kb max_used=2184Kb free=3631Kb
 bounds [0x0000026499350000, 0x00000264995c0000, 0x00000264998f0000]
 total_blobs=6410 nmethods=5538 adapters=775
 compilation: enabled
              stopped_count=0, restarted_count=0
 full_count=0

Compilation events (20 events):
Event: 23.462 Thread 0x00000264a62cdba0 6274       1       java.time.temporal.ValueRange::getMaximum (5 bytes)
Event: 23.462 Thread 0x00000264a62cdba0 nmethod 6274 0x0000026499c42190 code [0x0000026499c42320, 0x0000026499c423e8]
Event: 23.463 Thread 0x00000264a62cdba0 6275       3       java.lang.Character::hashCode (8 bytes)
Event: 23.464 Thread 0x00000264a62cdba0 nmethod 6275 0x0000026492995890 code [0x0000026492995a40, 0x0000026492995ba8]
Event: 23.464 Thread 0x00000264a62cdba0 6276       3       java.lang.Character::hashCode (2 bytes)
Event: 23.464 Thread 0x00000264a62cdba0 nmethod 6276 0x0000026492219890 code [0x0000026492219a20, 0x0000026492219b10]
Event: 24.468 Thread 0x00000264a62cdba0 6277       1       java.time.ZoneOffset::getTotalSeconds (5 bytes)
Event: 24.468 Thread 0x00000264a62cdba0 nmethod 6277 0x0000026499c42490 code [0x0000026499c42620, 0x0000026499c426e8]
Event: 24.468 Thread 0x00000264a62cdba0 6278       3       java.lang.Character::valueOf (21 bytes)
Event: 24.468 Thread 0x00000264a62cdba0 nmethod 6278 0x0000026492995c90 code [0x0000026492995e40, 0x00000264929960d8]
Event: 26.462 Thread 0x00000264a62cdba0 6279       3       sun.rmi.runtime.Log$LoggerLog::isLoggable (9 bytes)
Event: 26.463 Thread 0x00000264a62cdba0 nmethod 6279 0x0000026492996210 code [0x00000264929963c0, 0x0000026492996660]
Event: 26.464 Thread 0x00000264a62ad100 6280       4       jdk.internal.util.ByteArray::getShort (9 bytes)
Event: 26.464 Thread 0x00000264a62cdba0 6281       3       java.io.ObjectStreamClass$FieldReflector::setObjFieldValues (262 bytes)
Event: 26.466 Thread 0x00000264a62ad100 nmethod 6280 0x0000026499c42790 code [0x0000026499c42920, 0x0000026499c429f8]
Event: 26.467 Thread 0x00000264a62cdba0 nmethod 6281 0x0000026492996790 code [0x0000026492996b80, 0x0000026492998178]
Event: 26.468 Thread 0x00000264a62cdba0 6282       3       java.time.format.DateTimeFormatterBuilder::parseField (919 bytes)
Event: 26.472 Thread 0x00000264a62cdba0 nmethod 6282 0x0000026492998b10 code [0x00000264929992e0, 0x000002649299c960]
Event: 27.934 Thread 0x00000264a62cdba0 6283       3       java.lang.invoke.LambdaForm$MH/0x00000264a819c000::invoke (25 bytes)
Event: 27.934 Thread 0x00000264a62cdba0 nmethod 6283 0x000002649299d890 code [0x000002649299da60, 0x000002649299dfa0]

GC Heap History (20 events):
Event: 8.535 GC heap before
{Heap before GC invocations=4 (full 0):
 garbage-first heap   total 55296K, used 54881K [0x0000000083200000, 0x0000000100000000)
  region size 1024K, 29 young (29696K), 9 survivors (9216K)
 Metaspace       used 23093K, committed 23488K, reserved 1114112K
  class space    used 3385K, committed 3584K, reserved 1048576K
}
Event: 8.545 GC heap after
{Heap after GC invocations=5 (full 0):
 garbage-first heap   total 69632K, used 36814K [0x0000000083200000, 0x0000000100000000)
  region size 1024K, 4 young (4096K), 4 survivors (4096K)
 Metaspace       used 23093K, committed 23488K, reserved 1114112K
  class space    used 3385K, committed 3584K, reserved 1048576K
}
Event: 8.678 GC heap before
{Heap before GC invocations=5 (full 0):
 garbage-first heap   total 70656K, used 69582K [0x0000000083200000, 0x0000000100000000)
  region size 1024K, 9 young (9216K), 4 survivors (4096K)
 Metaspace       used 23206K, committed 23616K, reserved 1114112K
  class space    used 3385K, committed 3584K, reserved 1048576K
}
Event: 8.683 GC heap after
{Heap after GC invocations=6 (full 0):
 garbage-first heap   total 78848K, used 66892K [0x0000000083200000, 0x0000000100000000)
  region size 1024K, 3 young (3072K), 3 survivors (3072K)
 Metaspace       used 23206K, committed 23616K, reserved 1114112K
  class space    used 3385K, committed 3584K, reserved 1048576K
}
Event: 8.687 GC heap before
{Heap before GC invocations=6 (full 0):
 garbage-first heap   total 78848K, used 66892K [0x0000000083200000, 0x0000000100000000)
  region size 1024K, 4 young (4096K), 3 survivors (3072K)
 Metaspace       used 23207K, committed 23616K, reserved 1114112K
  class space    used 3385K, committed 3584K, reserved 1048576K
}
Event: 8.688 GC heap after
{Heap after GC invocations=7 (full 0):
 garbage-first heap   total 95232K, used 67711K [0x0000000083200000, 0x0000000100000000)
  region size 1024K, 1 young (1024K), 1 survivors (1024K)
 Metaspace       used 23207K, committed 23616K, reserved 1114112K
  class space    used 3385K, committed 3584K, reserved 1048576K
}
Event: 10.113 GC heap before
{Heap before GC invocations=8 (full 0):
 garbage-first heap   total 131072K, used 130175K [0x0000000083200000, 0x0000000100000000)
  region size 1024K, 11 young (11264K), 1 survivors (1024K)
 Metaspace       used 23489K, committed 23872K, reserved 1114112K
  class space    used 3385K, committed 3584K, reserved 1048576K
}
Event: 10.116 GC heap after
{Heap after GC invocations=9 (full 0):
 garbage-first heap   total 135168K, used 120326K [0x0000000083200000, 0x0000000100000000)
  region size 1024K, 3 young (3072K), 3 survivors (3072K)
 Metaspace       used 23489K, committed 23872K, reserved 1114112K
  class space    used 3385K, committed 3584K, reserved 1048576K
}
Event: 10.157 GC heap before
{Heap before GC invocations=9 (full 0):
 garbage-first heap   total 135168K, used 134662K [0x0000000083200000, 0x0000000100000000)
  region size 1024K, 5 young (5120K), 3 survivors (3072K)
 Metaspace       used 23508K, committed 23936K, reserved 1114112K
  class space    used 3385K, committed 3584K, reserved 1048576K
}
Event: 10.160 GC heap after
{Heap after GC invocations=10 (full 0):
 garbage-first heap   total 140288K, used 133794K [0x0000000083200000, 0x0000000100000000)
  region size 1024K, 1 young (1024K), 1 survivors (1024K)
 Metaspace       used 23508K, committed 23936K, reserved 1114112K
  class space    used 3385K, committed 3584K, reserved 1048576K
}
Event: 10.163 GC heap before
{Heap before GC invocations=10 (full 0):
 garbage-first heap   total 140288K, used 133794K [0x0000000083200000, 0x0000000100000000)
  region size 1024K, 2 young (2048K), 1 survivors (1024K)
 Metaspace       used 23509K, committed 23936K, reserved 1114112K
  class space    used 3385K, committed 3584K, reserved 1048576K
}
Event: 10.164 GC heap after
{Heap after GC invocations=11 (full 0):
 garbage-first heap   total 140288K, used 134011K [0x0000000083200000, 0x0000000100000000)
  region size 1024K, 1 young (1024K), 1 survivors (1024K)
 Metaspace       used 23509K, committed 23936K, reserved 1114112K
  class space    used 3385K, committed 3584K, reserved 1048576K
}
Event: 10.261 GC heap before
{Heap before GC invocations=12 (full 0):
 garbage-first heap   total 237568K, used 159611K [0x0000000083200000, 0x0000000100000000)
  region size 1024K, 5 young (5120K), 1 survivors (1024K)
 Metaspace       used 23578K, committed 24000K, reserved 1114112K
  class space    used 3387K, committed 3584K, reserved 1048576K
}
Event: 10.263 GC heap after
{Heap after GC invocations=13 (full 0):
 garbage-first heap   total 237568K, used 157000K [0x0000000083200000, 0x0000000100000000)
  region size 1024K, 1 young (1024K), 1 survivors (1024K)
 Metaspace       used 23578K, committed 24000K, reserved 1114112K
  class space    used 3387K, committed 3584K, reserved 1048576K
}
Event: 10.846 GC heap before
{Heap before GC invocations=13 (full 0):
 garbage-first heap   total 240640K, used 239944K [0x0000000083200000, 0x0000000100000000)
  region size 1024K, 13 young (13312K), 1 survivors (1024K)
 Metaspace       used 23718K, committed 24128K, reserved 1114112K
  class space    used 3388K, committed 3584K, reserved 1048576K
}
Event: 10.851 GC heap after
{Heap after GC invocations=14 (full 0):
 garbage-first heap   total 246784K, used 232247K [0x0000000083200000, 0x0000000100000000)
  region size 1024K, 6 young (6144K), 6 survivors (6144K)
 Metaspace       used 23718K, committed 24128K, reserved 1114112K
  class space    used 3388K, committed 3584K, reserved 1048576K
}
Event: 10.904 GC heap before
{Heap before GC invocations=14 (full 0):
 garbage-first heap   total 246784K, used 233271K [0x0000000083200000, 0x0000000100000000)
  region size 1024K, 8 young (8192K), 6 survivors (6144K)
 Metaspace       used 23757K, committed 24192K, reserved 1114112K
  class space    used 3388K, committed 3584K, reserved 1048576K
}
Event: 10.908 GC heap after
{Heap after GC invocations=15 (full 0):
 garbage-first heap   total 246784K, used 233085K [0x0000000083200000, 0x0000000100000000)
  region size 1024K, 1 young (1024K), 1 survivors (1024K)
 Metaspace       used 23757K, committed 24192K, reserved 1114112K
  class space    used 3388K, committed 3584K, reserved 1048576K
}
Event: 11.385 GC heap before
{Heap before GC invocations=16 (full 0):
 garbage-first heap   total 406528K, used 319101K [0x0000000083200000, 0x0000000100000000)
  region size 1024K, 13 young (13312K), 1 survivors (1024K)
 Metaspace       used 23837K, committed 24256K, reserved 1114112K
  class space    used 3388K, committed 3584K, reserved 1048576K
}
Event: 11.389 GC heap after
{Heap after GC invocations=17 (full 0):
 garbage-first heap   total 406528K, used 311519K [0x0000000083200000, 0x0000000100000000)
  region size 1024K, 2 young (2048K), 2 survivors (2048K)
 Metaspace       used 23837K, committed 24256K, reserved 1114112K
  class space    used 3388K, committed 3584K, reserved 1048576K
}

Dll operation events (20 events):
Event: 0.410 Loaded shared library C:\Users\LENOVO\.openjfx\cache\23.0.1+4\amd64\api-ms-win-crt-math-l1-1-0.dll
Event: 0.412 Loaded shared library C:\Users\LENOVO\.openjfx\cache\23.0.1+4\amd64\api-ms-win-crt-multibyte-l1-1-0.dll
Event: 0.415 Loaded shared library C:\Users\LENOVO\.openjfx\cache\23.0.1+4\amd64\api-ms-win-crt-private-l1-1-0.dll
Event: 0.418 Loaded shared library C:\Users\LENOVO\.openjfx\cache\23.0.1+4\amd64\api-ms-win-crt-process-l1-1-0.dll
Event: 0.420 Loaded shared library C:\Users\LENOVO\.openjfx\cache\23.0.1+4\amd64\api-ms-win-crt-runtime-l1-1-0.dll
Event: 0.423 Loaded shared library C:\Users\LENOVO\.openjfx\cache\23.0.1+4\amd64\api-ms-win-crt-stdio-l1-1-0.dll
Event: 0.426 Loaded shared library C:\Users\LENOVO\.openjfx\cache\23.0.1+4\amd64\api-ms-win-crt-string-l1-1-0.dll
Event: 0.428 Loaded shared library C:\Users\LENOVO\.openjfx\cache\23.0.1+4\amd64\api-ms-win-crt-time-l1-1-0.dll
Event: 0.430 Loaded shared library C:\Users\LENOVO\.openjfx\cache\23.0.1+4\amd64\api-ms-win-crt-utility-l1-1-0.dll
Event: 0.442 Loaded shared library C:\Users\LENOVO\.openjfx\cache\23.0.1+4\amd64\ucrtbase.dll
Event: 0.445 Loaded shared library C:\Users\LENOVO\.openjfx\cache\23.0.1+4\amd64\vcruntime140.dll
Event: 0.448 Loaded shared library C:\Users\LENOVO\.openjfx\cache\23.0.1+4\amd64\vcruntime140_1.dll
Event: 0.454 Loaded shared library C:\Users\LENOVO\.openjfx\cache\23.0.1+4\amd64\msvcp140.dll
Event: 0.456 Loaded shared library C:\Users\LENOVO\.openjfx\cache\23.0.1+4\amd64\msvcp140_1.dll
Event: 0.460 Loaded shared library C:\Users\LENOVO\.openjfx\cache\23.0.1+4\amd64\msvcp140_2.dll
Event: 0.488 Loaded shared library C:\Users\LENOVO\.openjfx\cache\23.0.1+4\amd64\prism_d3d.dll
Event: 0.530 Loaded shared library C:\Users\LENOVO\.openjfx\cache\23.0.1+4\amd64\glass.dll
Event: 0.615 Loaded shared library C:\Program Files\Java\jdk-21\bin\jimage.dll
Event: 0.915 Loaded shared library C:\Users\LENOVO\.openjfx\cache\23.0.1+4\amd64\javafx_font.dll
Event: 2.990 Loaded shared library C:\Program Files\Java\jdk-21\bin\rmi.dll

Deoptimization events (20 events):
Event: 14.175 Thread 0x00000264ec267fc0 Uncommon trap: trap_request=0xffffff45 fr.pc=0x0000026499c1d780 relative=0x00000000000016c0
Event: 14.175 Thread 0x00000264ec267fc0 Uncommon trap: reason=unstable_if action=reinterpret pc=0x0000026499c1d780 method=javafx.scene.CssStyleHelper.calculateValue(Lcom/sun/javafx/css/CascadingStyle;Ljavafx/css/Styleable;Ljavafx/css/CssMetaData;Lcom/sun/javafx/css/StyleMap;Ljava/util/Set;Ljava
Event: 14.175 Thread 0x00000264ec267fc0 DEOPT PACKING pc=0x0000026499c1d780 sp=0x000000f69ebf9cb0
Event: 14.175 Thread 0x00000264ec267fc0 DEOPT UNPACKING pc=0x00000264993a7da2 sp=0x000000f69ebf9c28 mode 2
Event: 14.176 Thread 0x00000264ec267fc0 Uncommon trap: trap_request=0xffffff45 fr.pc=0x0000026499b9cda8 relative=0x0000000000009068
Event: 14.176 Thread 0x00000264ec267fc0 Uncommon trap: reason=unstable_if action=reinterpret pc=0x0000026499b9cda8 method=javafx.scene.CssStyleHelper.lookupFont(Ljavafx/css/Styleable;Ljava/lang/String;Lcom/sun/javafx/css/StyleMap;Lcom/sun/javafx/css/CalculatedValue;)Lcom/sun/javafx/css/Calculat
Event: 14.176 Thread 0x00000264ec267fc0 DEOPT PACKING pc=0x0000026499b9cda8 sp=0x000000f69ebf9cb0
Event: 14.176 Thread 0x00000264ec267fc0 DEOPT UNPACKING pc=0x00000264993a7da2 sp=0x000000f69ebf9cb8 mode 2
Event: 14.176 Thread 0x00000264ec267fc0 Uncommon trap: trap_request=0xffffffc6 fr.pc=0x0000026499be7de0 relative=0x0000000000000be0
Event: 14.176 Thread 0x00000264ec267fc0 Uncommon trap: reason=bimorphic_or_optimized_type_check action=maybe_recompile pc=0x0000026499be7de0 method=com.sun.javafx.css.StyleManager$Key.equals(Ljava/lang/Object;)Z @ 93 c2
Event: 14.176 Thread 0x00000264ec267fc0 DEOPT PACKING pc=0x0000026499be7de0 sp=0x000000f69ebf9e40
Event: 14.176 Thread 0x00000264ec267fc0 DEOPT UNPACKING pc=0x00000264993a7da2 sp=0x000000f69ebf9de0 mode 2
Event: 14.180 Thread 0x00000264ec267fc0 Uncommon trap: trap_request=0xffffffc6 fr.pc=0x0000026499b3b2d0 relative=0x0000000000004490
Event: 14.180 Thread 0x00000264ec267fc0 Uncommon trap: reason=bimorphic_or_optimized_type_check action=maybe_recompile pc=0x0000026499b3b2d0 method=javafx.scene.CssStyleHelper.createStyleHelper(Ljavafx/scene/Node;)Ljavafx/scene/CssStyleHelper; @ 156 c2
Event: 14.180 Thread 0x00000264ec267fc0 DEOPT PACKING pc=0x0000026499b3b2d0 sp=0x000000f69ebfa0c0
Event: 14.180 Thread 0x00000264ec267fc0 DEOPT UNPACKING pc=0x00000264993a7da2 sp=0x000000f69ebfa090 mode 2
Event: 14.198 Thread 0x00000264ec267fc0 Uncommon trap: trap_request=0xffffff45 fr.pc=0x0000026499c38fb4 relative=0x0000000000000934
Event: 14.198 Thread 0x00000264ec267fc0 Uncommon trap: reason=unstable_if action=reinterpret pc=0x0000026499c38fb4 method=javafx.scene.Parent.getOrderedChildren()Ljava/util/List; @ 7 c2
Event: 14.198 Thread 0x00000264ec267fc0 DEOPT PACKING pc=0x0000026499c38fb4 sp=0x000000f69ebf90a0
Event: 14.198 Thread 0x00000264ec267fc0 DEOPT UNPACKING pc=0x00000264993a7da2 sp=0x000000f69ebf8df0 mode 2

Classes loaded (20 events):
Event: 8.109 Loading class sun/reflect/generics/tree/BottomSignature
Event: 8.109 Loading class sun/reflect/generics/tree/BottomSignature done
Event: 8.109 Loading class sun/reflect/generics/tree/Wildcard
Event: 8.109 Loading class sun/reflect/generics/tree/Wildcard done
Event: 8.109 Loading class sun/reflect/generics/reflectiveObjects/WildcardTypeImpl
Event: 8.109 Loading class java/lang/reflect/WildcardType
Event: 8.109 Loading class java/lang/reflect/WildcardType done
Event: 8.109 Loading class sun/reflect/generics/reflectiveObjects/WildcardTypeImpl done
Event: 8.131 Loading class java/util/function/UnaryOperator
Event: 8.131 Loading class java/util/function/UnaryOperator done
Event: 8.324 Loading class jdk/internal/math/FormattedFPDecimal
Event: 8.324 Loading class jdk/internal/math/FormattedFPDecimal done
Event: 8.352 Loading class java/lang/FdLibm$Atan2
Event: 8.352 Loading class java/lang/FdLibm$Atan2 done
Event: 10.773 Loading class java/lang/foreign/MemorySegment
Event: 10.773 Loading class java/lang/foreign/MemorySegment done
Event: 17.985 Loading class java/util/ArrayList$ListItr
Event: 17.985 Loading class java/util/ArrayList$ListItr done
Event: 27.933 Loading class jdk/internal/misc/Signal$1
Event: 27.933 Loading class jdk/internal/misc/Signal$1 done

Classes unloaded (0 events):
No events

Classes redefined (0 events):
No events

Internal exceptions (20 events):
Event: 2.787 Thread 0x00000264ec267fc0 Exception <a 'java/lang/NoSuchMethodError'{0x0000000088f92560}: 'java.lang.Object java.lang.invoke.Invokers$Holder.linkToTargetMethod(java.lang.Object, long, java.lang.Object)'> (0x0000000088f92560) 
thrown [s\open\src\hotspot\share\interpreter\linkResolver.cpp, line 773]
Event: 2.924 Thread 0x00000264ec267fc0 Exception <a 'java/lang/NoSuchMethodError'{0x0000000088fb1538}: 'java.lang.Object java.lang.invoke.DirectMethodHandle$Holder.invokeStaticInit(java.lang.Object, int, int, int, int)'> (0x0000000088fb1538) 
thrown [s\open\src\hotspot\share\interpreter\linkResolver.cpp, line 773]
Event: 2.944 Thread 0x00000264ec267fc0 Exception <a 'java/lang/NoSuchMethodError'{0x0000000088e5a4e0}: 'java.lang.Object java.lang.invoke.DirectMethodHandle$Holder.invokeStaticInit(java.lang.Object, java.lang.Object, int, int, int, int)'> (0x0000000088e5a4e0) 
thrown [s\open\src\hotspot\share\interpreter\linkResolver.cpp, line 773]
Event: 2.951 Thread 0x00000264ec267fc0 Exception <a 'sun/nio/fs/WindowsException'{0x0000000088e63f60}> (0x0000000088e63f60) 
thrown [s\open\src\hotspot\share\prims\jni.cpp, line 520]
Event: 2.969 Thread 0x00000264ec267fc0 Exception <a 'java/lang/NoSuchMethodError'{0x0000000088e995d8}: 'long java.lang.invoke.DirectMethodHandle$Holder.invokeSpecial(java.lang.Object, java.lang.Object)'> (0x0000000088e995d8) 
thrown [s\open\src\hotspot\share\interpreter\linkResolver.cpp, line 773]
Event: 2.969 Thread 0x00000264ec267fc0 Exception <a 'java/lang/NoSuchMethodError'{0x0000000088e9ca00}: 'long java.lang.invoke.Invokers$Holder.invokeExact_MT(java.lang.Object, java.lang.Object)'> (0x0000000088e9ca00) 
thrown [s\open\src\hotspot\share\interpreter\linkResolver.cpp, line 773]
Event: 2.976 Thread 0x00000264ec267fc0 Exception <a 'sun/nio/fs/WindowsException'{0x0000000088ebdf68}> (0x0000000088ebdf68) 
thrown [s\open\src\hotspot\share\prims\jni.cpp, line 520]
Event: 2.994 Thread 0x00000264ec267fc0 Exception <a 'java/lang/NoSuchMethodError'{0x0000000088d3f6a0}: static [Ljava/rmi/server/ObjID;.<clinit>()V> (0x0000000088d3f6a0) 
thrown [s\open\src\hotspot\share\prims\jni.cpp, line 1111]
Event: 2.997 Thread 0x00000264ec267fc0 Exception <a 'java/lang/NoSuchMethodError'{0x0000000088d5ca80}: static [B.<clinit>()V> (0x0000000088d5ca80) 
thrown [s\open\src\hotspot\share\prims\jni.cpp, line 1111]
Event: 3.000 Thread 0x00000264ec8c47a0 Exception <a 'java/lang/NoSuchMethodError'{0x0000000088d70fd0}: 'java.lang.Object java.lang.invoke.DirectMethodHandle$Holder.invokeSpecial(java.lang.Object, java.lang.Object, int, java.lang.Object, long)'> (0x0000000088d70fd0) 
thrown [s\open\src\hotspot\share\interpreter\linkResolver.cpp, line 773]
Event: 3.001 Thread 0x00000264ec8c47a0 Exception <a 'java/lang/NoSuchMethodError'{0x0000000088d77bb8}: 'java.lang.Object java.lang.invoke.DirectMethodHandle$Holder.newInvokeSpecial(java.lang.Object, java.lang.Object, int, java.lang.Object, long)'> (0x0000000088d77bb8) 
thrown [s\open\src\hotspot\share\interpreter\linkResolver.cpp, line 773]
Event: 3.017 Thread 0x00000264ec267fc0 Exception <a 'java/lang/NoSuchMethodError'{0x0000000088c4ea50}: 'void java.lang.invoke.DelegatingMethodHandle$Holder.reinvoke_L(java.lang.Object, java.lang.Object, int)'> (0x0000000088c4ea50) 
thrown [s\open\src\hotspot\share\interpreter\linkResolver.cpp, line 773]
Event: 3.041 Thread 0x00000264ec267fc0 Exception <a 'java/io/FileNotFoundException'{0x0000000088a56db0}> (0x0000000088a56db0) 
thrown [s\open\src\hotspot\share\prims\jni.cpp, line 520]
Event: 3.070 Thread 0x00000264ec267fc0 Exception <a 'sun/nio/fs/WindowsException'{0x0000000088ae5660}> (0x0000000088ae5660) 
thrown [s\open\src\hotspot\share\prims\jni.cpp, line 520]
Event: 6.464 Thread 0x00000264ec267fc0 Exception <a 'java/io/FileNotFoundException'{0x0000000087e12468}> (0x0000000087e12468) 
thrown [s\open\src\hotspot\share\prims\jni.cpp, line 520]
Event: 6.494 Thread 0x00000264a6715f60 Exception <a 'java/lang/NoSuchMethodError'{0x00000000881939d0}: 'java.lang.Object java.lang.invoke.DirectMethodHandle$Holder.invokeStaticInit(java.lang.Object, int)'> (0x00000000881939d0) 
thrown [s\open\src\hotspot\share\interpreter\linkResolver.cpp, line 773]
Event: 8.133 Thread 0x00000264ec267fc0 Exception <a 'java/lang/NoSuchMethodError'{0x0000000085a89f28}: static Lshared/classes/Student;.<clinit>()V> (0x0000000085a89f28) 
thrown [s\open\src\hotspot\share\prims\jni.cpp, line 1111]
Event: 8.146 Thread 0x00000264ec267fc0 Exception <a 'java/io/FileNotFoundException'{0x0000000085ac22a8}> (0x0000000085ac22a8) 
thrown [s\open\src\hotspot\share\prims\jni.cpp, line 520]
Event: 13.139 Thread 0x00000264ec267fc0 Implicit null exception at 0x0000026499b41d4a to 0x0000026499b48b84
Event: 13.143 Thread 0x00000264ec267fc0 Implicit null exception at 0x0000026499b6fe53 to 0x0000026499b76f24

ZGC Phase Switch (0 events):
No events

VM Operations (20 events):
Event: 10.941 Executing VM operation: G1PauseRemark done
Event: 10.953 Executing VM operation: G1PauseCleanup
Event: 10.953 Executing VM operation: G1PauseCleanup done
Event: 11.385 Executing VM operation: G1CollectForAllocation (G1 Evacuation Pause)
Event: 11.390 Executing VM operation: G1CollectForAllocation (G1 Evacuation Pause) done
Event: 12.996 Executing VM operation: ICBufferFull
Event: 12.997 Executing VM operation: ICBufferFull done
Event: 13.997 Executing VM operation: Cleanup
Event: 13.997 Executing VM operation: Cleanup done
Event: 14.174 Executing VM operation: HandshakeAllThreads (Deoptimize)
Event: 14.174 Executing VM operation: HandshakeAllThreads (Deoptimize) done
Event: 14.177 Executing VM operation: HandshakeAllThreads (Deoptimize)
Event: 14.177 Executing VM operation: HandshakeAllThreads (Deoptimize) done
Event: 15.178 Executing VM operation: Cleanup
Event: 15.178 Executing VM operation: Cleanup done
Event: 17.179 Executing VM operation: Cleanup
Event: 17.179 Executing VM operation: Cleanup done
Event: 17.986 Executing VM operation: HandshakeAllThreads (Deoptimize)
Event: 17.986 Executing VM operation: HandshakeAllThreads (Deoptimize) done
Event: 27.935 Executing VM operation: Exit

Events (20 events):
Event: 10.940 Thread 0x00000264a626eac0 flushing nmethod 0x0000026492285390
Event: 10.940 Thread 0x00000264a626eac0 flushing nmethod 0x0000026492289510
Event: 10.940 Thread 0x00000264a626eac0 flushing nmethod 0x000002649229ae10
Event: 10.940 Thread 0x00000264a626eac0 flushing nmethod 0x000002649229dc90
Event: 10.940 Thread 0x00000264a626eac0 flushing nmethod 0x0000026492399c10
Event: 10.940 Thread 0x00000264a626eac0 flushing nmethod 0x00000264923b2e90
Event: 10.940 Thread 0x00000264a626eac0 flushing nmethod 0x00000264923b7590
Event: 10.940 Thread 0x00000264a626eac0 flushing nmethod 0x00000264923b7d10
Event: 10.940 Thread 0x00000264a626eac0 flushing nmethod 0x0000026492436d90
Event: 10.940 Thread 0x00000264a626eac0 flushing nmethod 0x00000264927bf390
Event: 11.955 Thread 0x00000264eccdd440 Thread exited: 0x00000264eccdd440
Event: 12.116 Thread 0x00000264eccde8b0 Thread exited: 0x00000264eccde8b0
Event: 13.168 Thread 0x00000264eccdb230 Thread added: 0x00000264eccdb230
Event: 13.462 Thread 0x00000264eccdb230 Thread exited: 0x00000264eccdb230
Event: 27.934 Thread 0x00000264ec440a90 Thread added: 0x00000264ec440a90
Event: 27.934 Thread 0x00000264ec441120 Thread added: 0x00000264ec441120
Event: 27.934 Thread 0x00000264ec43f6e0 Thread added: 0x00000264ec43f6e0
Event: 27.935 Thread 0x00000264ec43f6e0 Thread exited: 0x00000264ec43f6e0
Event: 27.935 Thread 0x00000264ec441120 Thread exited: 0x00000264ec441120
Event: 27.935 Thread 0x00000264a628dd80 Thread exited: 0x00000264a628dd80


Dynamic libraries:
0x00007ff760860000 - 0x00007ff760870000 	C:\Program Files\Java\jdk-21\bin\java.exe
0x00007ffe455d0000 - 0x00007ffe457e7000 	C:\WINDOWS\SYSTEM32\ntdll.dll
0x00007ffe44250000 - 0x00007ffe44314000 	C:\WINDOWS\System32\KERNEL32.DLL
0x00007ffe42be0000 - 0x00007ffe42fb3000 	C:\WINDOWS\System32\KERNELBASE.dll
0x00007ffe427b0000 - 0x00007ffe428c1000 	C:\WINDOWS\System32\ucrtbase.dll
0x00007ffe3d330000 - 0x00007ffe3d34b000 	C:\Program Files\Java\jdk-21\bin\VCRUNTIME140.dll
0x00007ffe3e5d0000 - 0x00007ffe3e5e9000 	C:\Program Files\Java\jdk-21\bin\jli.dll
0x00007ffe44ec0000 - 0x00007ffe44f71000 	C:\WINDOWS\System32\ADVAPI32.dll
0x00007ffe44e10000 - 0x00007ffe44eb7000 	C:\WINDOWS\System32\msvcrt.dll
0x00007ffe43b60000 - 0x00007ffe43c08000 	C:\WINDOWS\System32\sechost.dll
0x00007ffe42b30000 - 0x00007ffe42b58000 	C:\WINDOWS\System32\bcrypt.dll
0x00007ffe45470000 - 0x00007ffe45584000 	C:\WINDOWS\System32\RPCRT4.dll
0x00007ffe43f10000 - 0x00007ffe440c1000 	C:\WINDOWS\System32\USER32.dll
0x00007ffe426e0000 - 0x00007ffe42706000 	C:\WINDOWS\System32\win32u.dll
0x00007ffe26e70000 - 0x00007ffe27108000 	C:\WINDOWS\WinSxS\amd64_microsoft.windows.common-controls_6595b64144ccf1df_6.0.22621.5124_none_270e8f4f7386d69d\COMCTL32.dll
0x00007ffe43d80000 - 0x00007ffe43da9000 	C:\WINDOWS\System32\GDI32.dll
0x00007ffe428d0000 - 0x00007ffe429eb000 	C:\WINDOWS\System32\gdi32full.dll
0x00007ffe42710000 - 0x00007ffe427aa000 	C:\WINDOWS\System32\msvcp_win.dll
0x00007ffe37ce0000 - 0x00007ffe37cea000 	C:\WINDOWS\SYSTEM32\VERSION.dll
0x00007ffe43d40000 - 0x00007ffe43d71000 	C:\WINDOWS\System32\IMM32.DLL
0x00007ffe3e610000 - 0x00007ffe3e61c000 	C:\Program Files\Java\jdk-21\bin\vcruntime140_1.dll
0x00007ffe2a630000 - 0x00007ffe2a6be000 	C:\Program Files\Java\jdk-21\bin\msvcp140.dll
0x00007ffd96410000 - 0x00007ffd9712a000 	C:\Program Files\Java\jdk-21\bin\server\jvm.dll
0x00007ffe43cc0000 - 0x00007ffe43d31000 	C:\WINDOWS\System32\WS2_32.dll
0x00007ffe41f50000 - 0x00007ffe41f9d000 	C:\WINDOWS\SYSTEM32\POWRPROF.dll
0x00007ffe3fdc0000 - 0x00007ffe3fdf4000 	C:\WINDOWS\SYSTEM32\WINMM.dll
0x00007ffe41ee0000 - 0x00007ffe41ef3000 	C:\WINDOWS\SYSTEM32\UMPDC.dll
0x00007ffe41710000 - 0x00007ffe41728000 	C:\WINDOWS\SYSTEM32\kernel.appcore.dll
0x00007ffe2a710000 - 0x00007ffe2a71a000 	C:\Program Files\Java\jdk-21\bin\jimage.dll
0x00007ffe3fb80000 - 0x00007ffe3fdb2000 	C:\WINDOWS\SYSTEM32\DBGHELP.DLL
0x00007ffe43760000 - 0x00007ffe43af2000 	C:\WINDOWS\System32\combase.dll
0x00007ffe43e20000 - 0x00007ffe43ef7000 	C:\WINDOWS\System32\OLEAUT32.dll
0x00007ffe3fe00000 - 0x00007ffe3fe32000 	C:\WINDOWS\SYSTEM32\dbgcore.DLL
0x00007ffe42b60000 - 0x00007ffe42bdb000 	C:\WINDOWS\System32\bcryptPrimitives.dll
0x00007ffe3e710000 - 0x00007ffe3e71f000 	C:\Program Files\Java\jdk-21\bin\instrument.dll
0x00007ffe2a6f0000 - 0x00007ffe2a70f000 	C:\Program Files\Java\jdk-21\bin\java.dll
0x00007ffe444f0000 - 0x00007ffe44d86000 	C:\WINDOWS\System32\SHELL32.dll
0x00007ffe429f0000 - 0x00007ffe42b2f000 	C:\WINDOWS\System32\wintypes.dll
0x00007ffe405b0000 - 0x00007ffe40eca000 	C:\WINDOWS\SYSTEM32\windows.storage.dll
0x00007ffe45340000 - 0x00007ffe4544a000 	C:\WINDOWS\System32\SHCORE.dll
0x00007ffe43270000 - 0x00007ffe432d3000 	C:\WINDOWS\System32\shlwapi.dll
0x00007ffe42610000 - 0x00007ffe4263b000 	C:\WINDOWS\SYSTEM32\profapi.dll
0x00007ffe2a550000 - 0x00007ffe2a627000 	C:\Program Files\Java\jdk-21\bin\jsvml.dll
0x00007ffe2a6e0000 - 0x00007ffe2a6f0000 	C:\Program Files\Java\jdk-21\bin\net.dll
0x00007ffe3ec90000 - 0x00007ffe3edbc000 	C:\WINDOWS\SYSTEM32\WINHTTP.dll
0x00007ffe41c00000 - 0x00007ffe41c6a000 	C:\WINDOWS\system32\mswsock.dll
0x00007ffe2a4b0000 - 0x00007ffe2a4c6000 	C:\Program Files\Java\jdk-21\bin\nio.dll
0x00007ffe28f60000 - 0x00007ffe28f78000 	C:\Program Files\Java\jdk-21\bin\zip.dll
0x00007ffe28730000 - 0x00007ffe2874a000 	C:\Program Files\JetBrains\IntelliJ IDEA 2023.3.4\bin\breakgen64.dll
0x00000264ecfd0000 - 0x00000264ecfd3000 	C:\Users\LENOVO\.openjfx\cache\23.0.1+4\amd64\api-ms-win-core-console-l1-1-0.dll
0x00000264ecfe0000 - 0x00000264ecfe3000 	C:\Users\LENOVO\.openjfx\cache\23.0.1+4\amd64\api-ms-win-core-console-l1-2-0.dll
0x00000264ecff0000 - 0x00000264ecff3000 	C:\Users\LENOVO\.openjfx\cache\23.0.1+4\amd64\api-ms-win-core-datetime-l1-1-0.dll
0x00000264ed000000 - 0x00000264ed003000 	C:\Users\LENOVO\.openjfx\cache\23.0.1+4\amd64\api-ms-win-core-debug-l1-1-0.dll
0x00000264ed010000 - 0x00000264ed013000 	C:\Users\LENOVO\.openjfx\cache\23.0.1+4\amd64\api-ms-win-core-errorhandling-l1-1-0.dll
0x00000264ed020000 - 0x00000264ed024000 	C:\Users\LENOVO\.openjfx\cache\23.0.1+4\amd64\api-ms-win-core-file-l1-1-0.dll
0x00000264ed030000 - 0x00000264ed033000 	C:\Users\LENOVO\.openjfx\cache\23.0.1+4\amd64\api-ms-win-core-file-l1-2-0.dll
0x00000264ed040000 - 0x00000264ed043000 	C:\Users\LENOVO\.openjfx\cache\23.0.1+4\amd64\api-ms-win-core-file-l2-1-0.dll
0x00000264ed050000 - 0x00000264ed053000 	C:\Users\LENOVO\.openjfx\cache\23.0.1+4\amd64\api-ms-win-core-handle-l1-1-0.dll
0x00000264ed060000 - 0x00000264ed063000 	C:\Users\LENOVO\.openjfx\cache\23.0.1+4\amd64\api-ms-win-core-heap-l1-1-0.dll
0x00000264ed070000 - 0x00000264ed073000 	C:\Users\LENOVO\.openjfx\cache\23.0.1+4\amd64\api-ms-win-core-interlocked-l1-1-0.dll
0x00000264ed080000 - 0x00000264ed083000 	C:\Users\LENOVO\.openjfx\cache\23.0.1+4\amd64\api-ms-win-core-libraryloader-l1-1-0.dll
0x00000264ed090000 - 0x00000264ed093000 	C:\Users\LENOVO\.openjfx\cache\23.0.1+4\amd64\api-ms-win-core-localization-l1-2-0.dll
0x00000264ed0a0000 - 0x00000264ed0a3000 	C:\Users\LENOVO\.openjfx\cache\23.0.1+4\amd64\api-ms-win-core-memory-l1-1-0.dll
0x00000264ed0b0000 - 0x00000264ed0b3000 	C:\Users\LENOVO\.openjfx\cache\23.0.1+4\amd64\api-ms-win-core-namedpipe-l1-1-0.dll
0x00000264ed0c0000 - 0x00000264ed0c3000 	C:\Users\LENOVO\.openjfx\cache\23.0.1+4\amd64\api-ms-win-core-processenvironment-l1-1-0.dll
0x00000264ed0d0000 - 0x00000264ed0d3000 	C:\Users\LENOVO\.openjfx\cache\23.0.1+4\amd64\api-ms-win-core-processthreads-l1-1-0.dll
0x00000264ed0e0000 - 0x00000264ed0e3000 	C:\Users\LENOVO\.openjfx\cache\23.0.1+4\amd64\api-ms-win-core-processthreads-l1-1-1.dll
0x00000264ed360000 - 0x00000264ed363000 	C:\Users\LENOVO\.openjfx\cache\23.0.1+4\amd64\api-ms-win-core-profile-l1-1-0.dll
0x00000264ed370000 - 0x00000264ed373000 	C:\Users\LENOVO\.openjfx\cache\23.0.1+4\amd64\api-ms-win-core-rtlsupport-l1-1-0.dll
0x00000264ed380000 - 0x00000264ed383000 	C:\Users\LENOVO\.openjfx\cache\23.0.1+4\amd64\api-ms-win-core-string-l1-1-0.dll
0x00000264ed100000 - 0x00000264ed103000 	C:\Users\LENOVO\.openjfx\cache\23.0.1+4\amd64\api-ms-win-core-synch-l1-1-0.dll
0x00000264ed110000 - 0x00000264ed113000 	C:\Users\LENOVO\.openjfx\cache\23.0.1+4\amd64\api-ms-win-core-synch-l1-2-0.dll
0x00000264ed120000 - 0x00000264ed123000 	C:\Users\LENOVO\.openjfx\cache\23.0.1+4\amd64\api-ms-win-core-sysinfo-l1-1-0.dll
0x00000264ed130000 - 0x00000264ed133000 	C:\Users\LENOVO\.openjfx\cache\23.0.1+4\amd64\api-ms-win-core-timezone-l1-1-0.dll
0x00000264ed140000 - 0x00000264ed143000 	C:\Users\LENOVO\.openjfx\cache\23.0.1+4\amd64\api-ms-win-core-util-l1-1-0.dll
0x00000264ed150000 - 0x00000264ed153000 	C:\Users\LENOVO\.openjfx\cache\23.0.1+4\amd64\api-ms-win-crt-conio-l1-1-0.dll
0x00000264ed160000 - 0x00000264ed164000 	C:\Users\LENOVO\.openjfx\cache\23.0.1+4\amd64\api-ms-win-crt-convert-l1-1-0.dll
0x00000264ed170000 - 0x00000264ed173000 	C:\Users\LENOVO\.openjfx\cache\23.0.1+4\amd64\api-ms-win-crt-environment-l1-1-0.dll
0x00000264ed180000 - 0x00000264ed183000 	C:\Users\LENOVO\.openjfx\cache\23.0.1+4\amd64\api-ms-win-crt-filesystem-l1-1-0.dll
0x00000264ed190000 - 0x00000264ed193000 	C:\Users\LENOVO\.openjfx\cache\23.0.1+4\amd64\api-ms-win-crt-heap-l1-1-0.dll
0x00000264ed1a0000 - 0x00000264ed1a3000 	C:\Users\LENOVO\.openjfx\cache\23.0.1+4\amd64\api-ms-win-crt-locale-l1-1-0.dll
0x00000264ed1b0000 - 0x00000264ed1b5000 	C:\Users\LENOVO\.openjfx\cache\23.0.1+4\amd64\api-ms-win-crt-math-l1-1-0.dll
0x00000264ed1c0000 - 0x00000264ed1c5000 	C:\Users\LENOVO\.openjfx\cache\23.0.1+4\amd64\api-ms-win-crt-multibyte-l1-1-0.dll
0x00000264ed1d0000 - 0x00000264ed1e0000 	C:\Users\LENOVO\.openjfx\cache\23.0.1+4\amd64\api-ms-win-crt-private-l1-1-0.dll
0x00000264ed1e0000 - 0x00000264ed1e3000 	C:\Users\LENOVO\.openjfx\cache\23.0.1+4\amd64\api-ms-win-crt-process-l1-1-0.dll
0x00000264ed1f0000 - 0x00000264ed1f4000 	C:\Users\LENOVO\.openjfx\cache\23.0.1+4\amd64\api-ms-win-crt-runtime-l1-1-0.dll
0x00000264ed200000 - 0x00000264ed204000 	C:\Users\LENOVO\.openjfx\cache\23.0.1+4\amd64\api-ms-win-crt-stdio-l1-1-0.dll
0x00000264ed210000 - 0x00000264ed214000 	C:\Users\LENOVO\.openjfx\cache\23.0.1+4\amd64\api-ms-win-crt-string-l1-1-0.dll
0x00000264ed220000 - 0x00000264ed223000 	C:\Users\LENOVO\.openjfx\cache\23.0.1+4\amd64\api-ms-win-crt-time-l1-1-0.dll
0x00000264ed230000 - 0x00000264ed233000 	C:\Users\LENOVO\.openjfx\cache\23.0.1+4\amd64\api-ms-win-crt-utility-l1-1-0.dll
0x00007ffe126d0000 - 0x00007ffe127cc000 	C:\Users\LENOVO\.openjfx\cache\23.0.1+4\amd64\ucrtbase.dll
0x00007ffe2a1c0000 - 0x00007ffe2a1db000 	C:\Users\LENOVO\.openjfx\cache\23.0.1+4\amd64\vcruntime140.dll
0x00007ffe2a400000 - 0x00007ffe2a40c000 	C:\Users\LENOVO\.openjfx\cache\23.0.1+4\amd64\vcruntime140_1.dll
0x00007ffe1f480000 - 0x00007ffe1f50e000 	C:\Users\LENOVO\.openjfx\cache\23.0.1+4\amd64\msvcp140.dll
0x00007ffe2a1b0000 - 0x00007ffe2a1b9000 	C:\Users\LENOVO\.openjfx\cache\23.0.1+4\amd64\msvcp140_1.dll
0x00007ffe28cf0000 - 0x00007ffe28d31000 	C:\Users\LENOVO\.openjfx\cache\23.0.1+4\amd64\msvcp140_2.dll
0x00007ffe2a180000 - 0x00007ffe2a1b0000 	C:\Users\LENOVO\.openjfx\cache\23.0.1+4\amd64\prism_d3d.dll
0x00007ffda4850000 - 0x00007ffda49f8000 	C:\WINDOWS\system32\d3d9.dll
0x00007ffe3fa50000 - 0x00007ffe3fa7e000 	C:\WINDOWS\SYSTEM32\dwmapi.dll
0x00007ffe3f750000 - 0x00007ffe3f787000 	C:\WINDOWS\SYSTEM32\dxcore.dll
0x00007ffe3f640000 - 0x00007ffe3f6f3000 	C:\WINDOWS\system32\uxtheme.dll
0x00007ffdd79d0000 - 0x00007ffdd7b7b000 	C:\Windows\System32\DriverStore\FileRepository\iigd_dch.inf_amd64_9b41cef4891594fc\igdumdim64.dll
0x00007ffe45140000 - 0x00007ffe452e1000 	C:\WINDOWS\System32\ole32.dll
0x00007ffd8d1f0000 - 0x00007ffd90e65000 	C:\Windows\System32\DriverStore\FileRepository\iigd_dch.inf_amd64_9b41cef4891594fc\igd9dxva64.dll
0x00007ffe432e0000 - 0x00007ffe43754000 	C:\WINDOWS\System32\SETUPAPI.dll
0x00007ffe423d0000 - 0x00007ffe4241e000 	C:\WINDOWS\SYSTEM32\cfgmgr32.dll
0x00007ffe32ef0000 - 0x00007ffe332d9000 	C:\Windows\System32\DriverStore\FileRepository\iigd_dch.inf_amd64_9b41cef4891594fc\igdgmm64.dll
0x00007ffe3b050000 - 0x00007ffe3b099000 	C:\WINDOWS\SYSTEM32\directxdatabasehelper.dll
0x00007ffe1f430000 - 0x00007ffe1f475000 	C:\Users\LENOVO\.openjfx\cache\23.0.1+4\amd64\glass.dll
0x00007ffe443e0000 - 0x00007ffe444e3000 	C:\WINDOWS\System32\COMDLG32.dll
0x00007ffe440d0000 - 0x00007ffe44230000 	C:\WINDOWS\System32\MSCTF.dll
0x00007ffe27ec0000 - 0x00007ffe27ee7000 	C:\Windows\System32\DriverStore\FileRepository\iigd_dch.inf_amd64_9b41cef4891594fc\igdinfo64.dll
0x00007ffe41e60000 - 0x00007ffe41e7b000 	C:\WINDOWS\SYSTEM32\CRYPTSP.dll
0x00007ffe41670000 - 0x00007ffe416a7000 	C:\WINDOWS\system32\rsaenh.dll
0x00007ffe41e80000 - 0x00007ffe41e8c000 	C:\WINDOWS\SYSTEM32\CRYPTBASE.dll
0x00007ffe2c1a0000 - 0x00007ffe2f8d7000 	C:\Windows\System32\DriverStore\FileRepository\iigd_dch.inf_amd64_9b41cef4891594fc\igc64.dll
0x00007ffe44320000 - 0x00007ffe443d0000 	C:\WINDOWS\System32\clbcatq.dll
0x00007ffe27d30000 - 0x00007ffe27ead000 	C:\Windows\System32\Windows.UI.dll
0x00007ffe02a40000 - 0x00007ffe02bb5000 	C:\Windows\System32\Windows.UI.Immersive.dll
0x00007ffe28e90000 - 0x00007ffe28ea5000 	C:\Users\LENOVO\.openjfx\cache\23.0.1+4\amd64\javafx_font.dll
0x00007ffe3bdf0000 - 0x00007ffe3c063000 	C:\WINDOWS\SYSTEM32\dwrite.dll
0x00007ffe3f450000 - 0x00007ffe3f600000 	C:\WINDOWS\SYSTEM32\WindowsCodecs.dll
0x00007ffdf78b0000 - 0x00007ffdf790e000 	C:\WINDOWS\system32\dataexchange.dll
0x00007ffe37890000 - 0x00007ffe37b36000 	C:\WINDOWS\system32\twinapi.appcore.dll
0x00007ffe2a410000 - 0x00007ffe2a442000 	C:\Program Files\Common Files\Microsoft Shared\Ink\rtscom.dll
0x00007ffe267f0000 - 0x00007ffe26934000 	C:\WINDOWS\SYSTEM32\textinputframework.dll
0x00007ffe3d420000 - 0x00007ffe3d555000 	C:\WINDOWS\SYSTEM32\CoreMessaging.dll
0x00007ffe39b00000 - 0x00007ffe39e6c000 	C:\WINDOWS\SYSTEM32\CoreUIComponents.dll

dbghelp: loaded successfully - version: 4.0.5 - missing functions: none
symbol engine: initialized successfully - sym options: 0x614 - pdb path: .;C:\Program Files\Java\jdk-21\bin;C:\WINDOWS\SYSTEM32;C:\WINDOWS\WinSxS\amd64_microsoft.windows.common-controls_6595b64144ccf1df_6.0.22621.5124_none_270e8f4f7386d69d;C:\Program Files\Java\jdk-21\bin\server;C:\Program Files\JetBrains\IntelliJ IDEA 2023.3.4\bin;C:\Users\LENOVO\.openjfx\cache\23.0.1+4\amd64;C:\Windows\System32\DriverStore\FileRepository\iigd_dch.inf_amd64_9b41cef4891594fc;C:\Program Files\Common Files\Microsoft Shared\Ink

VM Arguments:
jvm_args: -javaagent:C:\Program Files\JetBrains\IntelliJ IDEA 2023.3.4\lib\idea_rt.jar=54661:C:\Program Files\JetBrains\IntelliJ IDEA 2023.3.4\bin -Dfile.encoding=UTF-8 -Dsun.stdout.encoding=UTF-8 -Dsun.stderr.encoding=UTF-8 --module-path=C:\Users\LENOVO\.m2\repository\org\openjfx\javafx-graphics\23.0.1\javafx-graphics-23.0.1-win.jar;C:\Users\LENOVO\.m2\repository\org\openjfx\javafx-controls\23.0.1\javafx-controls-23.0.1-win.jar;C:\Users\LENOVO\.m2\repository\org\openjfx\javafx-fxml\23.0.1\javafx-fxml-23.0.1-win.jar;C:\Users\LENOVO\Downloads\hfgf\target\classes;C:\Users\LENOVO\.m2\repository\org\openjfx\javafx-base\23.0.1\javafx-base-23.0.1-win.jar;C:\Users\LENOVO\.m2\repository\com\mysql\mysql-connector-j\8.0.33\mysql-connector-j-8.0.33.jar -Djdk.module.main=Learnify 
java_command: Learnify/client.AdminClient
java_class_path (initial): C:\Users\LENOVO\.m2\repository\org\openjfx\javafx-controls\23.0.1\javafx-controls-23.0.1.jar;C:\Users\LENOVO\.m2\repository\org\openjfx\javafx-fxml\23.0.1\javafx-fxml-23.0.1.jar;C:\Users\LENOVO\.m2\repository\org\openjfx\javafx-base\23.0.1\javafx-base-23.0.1.jar;C:\Users\LENOVO\.m2\repository\org\openjfx\javafx-graphics\23.0.1\javafx-graphics-23.0.1.jar;C:\Users\LENOVO\.m2\repository\com\google\protobuf\protobuf-java\3.21.9\protobuf-java-3.21.9.jar
Launcher Type: SUN_STANDARD

[Global flags]
     intx CICompilerCount                          = 4                                         {product} {ergonomic}
     uint ConcGCThreads                            = 2                                         {product} {ergonomic}
     uint G1ConcRefinementThreads                  = 8                                         {product} {ergonomic}
   size_t G1HeapRegionSize                         = 1048576                                   {product} {ergonomic}
    uintx GCDrainStackTargetSize                   = 64                                        {product} {ergonomic}
   size_t InitialHeapSize                          = 132120576                                 {product} {ergonomic}
   size_t MarkStackSize                            = 4194304                                   {product} {ergonomic}
   size_t MaxHeapSize                              = 2095054848                                {product} {ergonomic}
   size_t MaxNewSize                               = 1256194048                                {product} {ergonomic}
   size_t MinHeapDeltaBytes                        = 1048576                                   {product} {ergonomic}
   size_t MinHeapSize                              = 8388608                                   {product} {ergonomic}
    uintx NonNMethodCodeHeapSize                   = 5839372                                {pd product} {ergonomic}
    uintx NonProfiledCodeHeapSize                  = 122909434                              {pd product} {ergonomic}
    uintx ProfiledCodeHeapSize                     = 122909434                              {pd product} {ergonomic}
    uintx ReservedCodeCacheSize                    = 251658240                              {pd product} {ergonomic}
     bool SegmentedCodeCache                       = true                                      {product} {ergonomic}
   size_t SoftMaxHeapSize                          = 2095054848                             {manageable} {ergonomic}
     bool UseCompressedOops                        = true                           {product lp64_product} {ergonomic}
     bool UseG1GC                                  = true                                      {product} {ergonomic}
     bool UseLargePagesIndividualAllocation        = false                                  {pd product} {ergonomic}

Logging:
Log output configuration:
 #0: stdout all=off uptime,level,tags foldmultilines=false
 #1: stderr all=off uptime,level,tags foldmultilines=false

Environment Variables:
JAVA_HOME=C:\Program Files\Java\jdk1.8.0_202\bin
PATH=C:\Program Files\Java\jdk1.8.0_202\bin;C:\Program Files (x86)\Common Files\Oracle\Java\java8path;C:\Program Files (x86)\Common Files\Oracle\Java\javapath;C:\Program Files\Java\jdk1.8.0_202;C:\WINDOWS\system32;C:\WINDOWS;C:\WINDOWS\System32\Wbem;C:\WINDOWS\System32\WindowsPowerShell\v1.0\;C:\WINDOWS\System32\OpenSSH\;C:\Program Files (x86)\dotnet\;C:\Program Files\dotnet\;C:\Program Files\PuTTY\;C:\Program Files\Git\cmd;C:\Program Files (x86)\ZeroTier\One\;C:\Users\LENOVO\AppData\Local\Programs\Python\Launcher\;C:\Users\LENOVO\AppData\Local\Microsoft\WindowsApps;C:\Users\LENOVO\AppData\Local\GitHubDesktop\bin;C:\Users\LENOVO\AppData\Local\Programs\Microsoft VS Code\bin;
USERNAME=LENOVO
OS=Windows_NT
PROCESSOR_IDENTIFIER=Intel64 Family 6 Model 140 Stepping 1, GenuineIntel
TMP=C:\Users\LENOVO\AppData\Local\Temp
TEMP=C:\Users\LENOVO\AppData\Local\Temp




Periodic native trim disabled

---------------  S Y S T E M  ---------------

OS:
 Windows 11 , 64 bit Build 22621 (10.0.22621.5124)
OS uptime: 0 days 21:20 hours
Hyper-V role detected

CPU: total 8 (initial active 8) (4 cores per cpu, 2 threads per core) family 6 model 140 stepping 1 microcode 0x9a, cx8, cmov, fxsr, ht, mmx, 3dnowpref, sse, sse2, sse3, ssse3, sse4.1, sse4.2, popcnt, lzcnt, tsc, tscinvbit, avx, avx2, aes, erms, clmul, bmi1, bmi2, adx, avx512f, avx512dq, avx512cd, avx512bw, avx512vl, sha, fma, vzeroupper, avx512_vpopcntdq, avx512_vpclmulqdq, avx512_vaes, avx512_vnni, clflush, clflushopt, clwb, avx512_vbmi2, avx512_vbmi, hv, rdtscp, rdpid, fsrm, gfni, avx512_bitalg, f16c, cet_ibt, cet_ss, avx512_ifma
Processor Information for all 8 processors :
  Max Mhz: 2419, Current Mhz: 2419, Mhz Limit: 2419

Memory: 4k page, system-wide physical 7991M (628M free)
TotalPageFile size 22327M (AvailPageFile size 7927M)
current process WorkingSet (physical memory assigned to process): 639M, peak: 675M
current process commit charge ("private bytes"): 785M, peak: 819M

vm_info: Java HotSpot(TM) 64-Bit Server VM (21.0.6+8-LTS-188) for windows-amd64 JRE (21.0.6+8-LTS-188), built on 2024-12-03T10:50:54Z by "mach5one" with MS VC++ 17.6 (VS2022)

END.
